ticker,market,date_pulling,industry,sector,marketCap,enterpriseValue,currentPrice,totalCashPerShare,profitMargins,trailingPE,Total Non Current Assets,Working Capital,EBIT,Operating Income,ttm_latest,beta_earnings,numofyear,avg_MF_ROC
2S.bk,SET,2024-12-25,Steel,Basic Materials,1495989248.0,1431490176.0,2.72,0.331,0.01847,45.333336,669347000.0,1293609000.0,41219000.0,5945000.0,2024-09-30,-2.5512,5.0,0.1672
3K-BAT.bk,SET,2024-12-25,Electrical Equipment & Parts,Industrials,4155200000.0,3791766016.0,53.0,10.383,0.04918,25.603865,1436769000.0,1228831000.0,222618883.0,148740310.0,2024-09-30,2.3168,5.0,0.0327
A5.bk,mai,2024-12-25,Real Estate - Development,Real Estate,2992120064.0,4640120832.0,2.54,0.344,0.37066,4.7037034,361732602.0,2878133990.0,813500137.0,652346320.0,2024-09-30,3.0102,5.0,0.1112
AAI.bk,SET,2024-12-25,Packaged Foods,Consumer Defensive,12962499584.0,11780704256.0,6.1,0.334,0.14956,12.978724,1545440000.0,3605780000.0,1113700507.0,1047958386.0,2024-09-30,1.4197,5.0,0.1919
AAV.bk,SET,2024-12-25,Airlines,Industrials,34951999488.0,80214990848.0,2.72,0.125,0.016449999,5.7872343,59200496000.0,-15630297000.0,9713641000.0,4732736000.0,2024-09-30,3.0956,5.0,-0.1233
ACG.bk,SET,2024-12-25,Auto & Truck Dealerships,Consumer Cyclical,540000000.0,854064064.0,0.9,0.253,0.00991,22.5,938552494.0,-45068716.0,58055200.0,58055200.0,2024-09-30,-2.2271,5.0,0.0672
ADD.bk,mai,2024-12-25,Advertising Agencies,Communication Services,824000000.0,573849600.0,5.15,1.048,0.12684,19.074074,274071226.0,254884291.0,49000641.0,54959971.0,2024-09-30,-2.7947,5.0,0.3106
ADVANC.bk,SET,2024-12-25,Telecom Services,Communication Services,850564022272.0,1026517958656.0,286.0,4.363,0.15767,25.952812,389215773000.0,-96515795000.0,49406887523.0,47449332215.0,2024-09-30,3.1304,5.0,0.1429
ADVICE.bk,SET,2024-12-25,Electronics & Computer Distribution,Technology,3781999872.0,3571179776.0,6.1,0.421,0.01475,19.0625,763543001.8,293317803.85,282550601.01,280518078.44000006,2024-09-30,-1.4983,3.0,0.7436
AFC.bk,SET,2024-12-25,Textile Manufacturing,Consumer Cyclical,216022176.0,217072192.0,4.74,1.688,0.0309,15.799998,1019178019.44,335016167.68,13041357.09,10436991.4,2024-09-30,-0.3263,5.0,0.0012
AH.bk,SET,2024-12-25,Auto Parts,Consumer Cyclical,5545435648.0,10337510400.0,16.5,6.23,0.03658,7.6036863,13632809000.0,-732894000.0,1122758508.0,759961163.0,2024-09-30,2.1951,5.0,0.07
AHC.bk,SET,2024-12-25,Medical Care Facilities,Healthcare,2293607680.0,1980465536.0,15.3,2.039,0.090900004,13.539824,983775000.0,1221652000.0,210058241.0,167847602.0,2024-09-30,0.6143,5.0,0.1073
AI.bk,SET,2024-12-25,Electrical Equipment & Parts,Industrials,2463996416.0,2919773184.0,3.52,0.921,0.024230001,8.186047,1777918000.0,1475763000.0,411133637.0,398434990.0,2024-09-30,-2.7481,5.0,0.1347
AIE.bk,SET,2024-12-25,Farm Products,Consumer Defensive,1536251136.0,1263497472.0,1.11,0.187,0.01324,11.1,1259981000.0,950507000.0,137444937.0,129845582.0,2024-09-30,-2.5797,5.0,0.0982
AIMIRT.bk,SET,2024-12-25,REIT - Industrial,Real Estate,8310750208.0,11667124224.0,10.5,0.644,0.71123004,11.413043,13111472000.0,254876000.0,868898691.0,662995627.0,2024-09-30,3.1372,5.0,0.0616
AIT.bk,SET,2024-12-25,Information Technology Services,Technology,6299321856.0,4263866880.0,4.1,1.249,0.08015,10.51282,848273000.0,3464558000.0,782196186.0,724544500.0,2024-09-30,0.5482,5.0,0.1891
AKP.bk,mai,2024-12-25,Waste Management,Industrials,274720000.0,153868000.0,0.68,0.484,0.09985,6.8,416750000.0,262231000.0,52946265.0,53224087.0,2024-09-30,2.8238,5.0,0.0401
AKR.bk,SET,2024-12-25,Electrical Equipment & Parts,Industrials,1398305024.0,1755290368.0,0.95,0.071,0.103190005,5.5882354,756675443.0,952445589.0,348503877.0,328296940.0,2024-09-30,3.2814,5.0,0.1325
ALLA.bk,SET,2024-12-25,Industrial Distribution,Industrials,966000000.0,717270016.0,1.61,0.486,0.14716,7.666667,353982000.0,651331000.0,155857360.0,152334770.0,2024-09-30,3.2021,5.0,0.0767
ALLY.bk,SET,2024-12-25,REIT - Diversified,Real Estate,4501615104.0,8491987968.0,5.15,0.726,0.24298,9.537037,13165132000.0,-131877000.0,622834522.0,754125546.0,2024-09-30,3.0929,5.0,0.0489
ALT.bk,SET,2024-12-25,Communication Equipment,Technology,1154874624.0,1539485184.0,1.02,0.207,0.021259999,51.0,2852798922.0,190328481.0,65340428.0,51138652.0,2024-09-30,3.1448,5.0,-0.0309
ALUCON.bk,SET,2024-12-25,Aluminum,Basic Materials,7344000000.0,4562184704.0,170.0,64.894,0.13389,11.494253,2060561000.0,5131143000.0,909613501.0,909613501.0,2024-09-30,0.1587,5.0,0.1076
AMA.bk,mai,2024-12-25,Marine Shipping,Industrials,2164892928.0,3097101568.0,4.18,0.762,0.10925999,6.7419353,3790677710.98,-96696227.87,415486723.37,369608098.35999995,2024-09-30,2.2442,5.0,0.0893
AMARC.bk,mai,2024-12-25,Scientific & Technical Instruments,Technology,529200000.0,486573824.0,1.26,0.315,0.04849,18.0,455034021.28,120332604.99,34658405.019999996,34658405.019999996,2024-09-30,-1.1166,5.0,0.0642
AMARIN.bk,SET,2024-12-25,Publishing,Communication Services,2994845952.0,2996690432.0,3.0,0.854,0.04788,25.0,3889170000.0,1165371000.0,129094151.0,111852851.0,2024-09-30,-0.6215,5.0,0.0658
AMATA.bk,SET,2024-12-25,Real Estate - Development,Real Estate,32487499776.0,54280425472.0,28.25,2.798,0.15531,15.106952,41234241000.0,4011807000.0,3962486134.0,2789664075.0,2024-09-30,3.5909,5.0,0.0499
AMATAR.bk,SET,2024-12-25,REIT - Industrial,Real Estate,2362073856.0,3337664000.0,6.6,0.056,0.59935004,9.850746,4653665000.0,-134521000.0,275395387.0,345295051.0,2024-09-30,3.4188,5.0,0.0645
AMATAV.bk,SET,2024-12-25,Real Estate Services,Real Estate,5073684480.0,9812261888.0,4.76,0.821,0.08631,28.000002,9322957000.0,396610000.0,538006120.0,591667782.0,2024-09-30,2.6008,5.0,0.036
AMC.bk,SET,2024-12-25,Steel,Basic Materials,873774720.0,2229063936.0,1.82,1.46,0.03877,3.4339626,2531557000.0,961973000.0,377316018.0,195749728.0,2024-09-30,-1.0994,5.0,0.1361
ANI.bk,SET,2024-12-25,Integrated Freight & Logistics,Industrials,6985439744.0,6561328128.0,3.78,0.736,0.08366,10.499999,8159612582.0,577340140.0,981108027.0,1033082939.0,2024-09-30,2.3214,4.0,0.1187
AOT.bk,SET,2024-12-25,Airports & Air Services,Industrials,857142001664.0,925695803392.0,60.0,0.69,0.27789,44.77612,175925894918.0,6861267505.0,27302286441.0,27499684427.0,2024-09-30,3.1589,5.0,0.0192
AP.bk,SET,2024-12-25,Real Estate - Development,Real Estate,26582855680.0,60931538944.0,8.45,0.982,0.14202,5.28125,9722621000.0,55605398000.0,6779849376.0,5958818671.0,2024-09-30,3.4145,5.0,0.097
APCO.bk,SET,2024-12-25,Household & Personal Products,Consumer Defensive,2976000000.0,2771804416.0,4.96,0.437,0.32348,45.090908,244840706.0,346518346.0,80436962.0,63663283.0,2024-09-30,0.6102,5.0,0.1373
APCS.bk,SET,2024-12-25,Engineering & Construction,Industrials,1273799936.0,2009188352.0,1.93,0.146,0.045560002,27.571428,1496313428.08,782525353.96,104223725.18,56613774.419999994,2024-09-30,-0.3361,5.0,-0.0045
APO.bk,mai,2024-12-25,Packaged Foods,Consumer Defensive,707200000.0,606246912.0,2.08,0.539,0.042579997,6.5,134071443.0,267899490.0,168433889.0,168105722.0,2024-09-30,1.4776,3.0,0.0948
APP.bk,mai,2024-12-25,Software - Application,Technology,450800000.0,227906000.0,1.61,0.978,0.032899998,13.416667,180367000.0,305101000.0,46277085.0,46277085.0,2024-09-30,0.0271,5.0,0.1372
APURE.bk,SET,2024-12-25,Farm Products,Consumer Defensive,3811716608.0,4025476864.0,4.1,0.242,0.14986,13.666666,1445669000.0,1130390000.0,389091953.0,451876559.0,2024-09-30,2.3538,5.0,0.1543
ARIP.bk,mai,2024-12-25,Specialty Business Services,Industrials,237660000.0,174690000.0,0.51,0.236,0.046240002,25.5,89587000.0,144133000.0,12656927.0,10256559.0,2024-09-30,2.369,5.0,0.0423
ARROW.bk,mai,2024-12-25,Building Products & Equipment,Industrials,1425778304.0,1494330880.0,5.55,0.432,0.09528,11.32653,544409483.55,737405627.54,161828296.69,141897298.74,2024-09-30,-2.6553,5.0,0.1106
AS.bk,SET,2024-12-25,Electronic Gaming & Multimedia,Communication Services,2066882560.0,1717148032.0,4.14,0.855,0.17753,9.2,1222147000.0,182216000.0,273268328.0,228814141.0,2024-09-30,-2.6495,5.0,0.4254
ASEFA.bk,SET,2024-12-25,Electrical Equipment & Parts,Industrials,1664036736.0,2365558528.0,3.14,0.419,0.02902,20.933332,1702220569.0,313517232.0,126257865.0,115203849.0,2024-09-30,-2.4347,5.0,0.1157
ASIAN.bk,SET,2024-12-25,Packaged Foods,Consumer Defensive,6512704000.0,7869682688.0,8.0,1.24,0.07096,8.0,3987899000.0,4167363000.0,1286885643.0,1184885571.0,2024-09-30,0.3605,5.0,0.1573
ASIMAR.bk,SET,2024-12-25,Aerospace & Defense,Industrials,400351040.0,478184832.0,1.55,0.198,0.06372,8.611111,511384000.0,-6897000.0,64690882.0,64690882.0,2024-09-30,1.4279,5.0,0.0633
ASW.bk,SET,2024-12-25,Real Estate - Development,Real Estate,7197960192.0,19343138816.0,8.0,2.189,0.18100001,4.040404,5769202718.0,9523095995.0,2355217675.0,2161248171.0,2024-09-30,2.756,5.0,0.1323
ATP30.bk,mai,2024-12-25,Railroads,Industrials,655017600.0,1193548544.0,0.96,0.008,0.06083,16.0,1073645000.0,-106913000.0,73194898.0,73194898.0,2024-09-30,3.8645,5.0,0.0616
AU.bk,mai,2024-12-25,Restaurants,Consumer Cyclical,8808739840.0,8686353408.0,10.8,0.488,0.16454001,33.75,836350000.0,342292000.0,329012362.0,325392711.0,2024-09-30,3.6778,5.0,0.1057
AUCT.bk,mai,2024-12-25,Auto & Truck Dealerships,Consumer Cyclical,4592500224.0,4996082688.0,8.35,0.755,0.29613,11.760564,1395606943.0,68315352.0,510605737.0,510605737.0,2024-09-30,3.3969,5.0,0.2611
AURA.bk,SET,2024-12-25,Luxury Goods,Consumer Cyclical,19342999552.0,25337427968.0,14.5,0.146,0.03334,18.125,1536791000.0,6296333000.0,1687049292.0,1933250729.0,2024-09-30,3.6887,5.0,0.1963
AWC.bk,SET,2024-12-25,Lodging,Consumer Cyclical,115217997824.0,185954631680.0,3.6,0.009,0.3509,21.17647,180071502000.0,-40507924000.0,8351460348.0,3838546751.0,2024-09-30,3.4213,5.0,0.0035
BA.bk,SET,2024-12-25,Airlines,Industrials,47670001664.0,48738676736.0,22.7,6.893,0.1733,16.449276,44210663000.0,4156299000.0,5356498328.0,4070678500.0,2024-09-30,3.3937,5.0,-0.0512
BAREIT.bk,SET,2024-12-25,REIT - Specialty,Real Estate,9606899712.0,13245723648.0,9.3,0.206,0.67989,8.611111,14228076000.0,338193000.0,1369527511.0,1095854166.0,2024-09-30,1.0,2.0,0.0754
BBIK.bk,mai,2024-12-25,Consulting Services,Industrials,8050604032.0,8446648320.0,40.25,1.718,0.18628,29.166666,1287864921.0,776812494.0,332503250.0,256719824.0,2024-09-30,3.2014,5.0,0.2278
BCH.bk,SET,2024-12-25,Medical Care Facilities,Healthcare,38657003520.0,40371474432.0,15.5,0.634,0.12195,26.271187,13435682000.0,798727000.0,2049724186.0,1962129894.0,2024-09-30,-1.2784,5.0,0.2647
BCT.bk,SET,2024-12-25,Specialty Chemicals,Basic Materials,20099999744.0,14379462656.0,67.0,18.582,0.33625,8.933333,23964953000.0,7757829000.0,2634858756.0,1922790354.0,2024-09-30,-0.9635,5.0,0.141
BDMS.bk,SET,2024-12-25,Medical Care Facilities,Healthcare,390943211520.0,387918397440.0,24.6,0.568,0.14423001,25.102041,124072062000.0,641861000.0,20614835268.0,20283210906.0,2024-09-30,3.5593,5.0,0.1148
BE8.bk,mai,2024-12-25,Information Technology Services,Technology,3282391296.0,3112372736.0,12.4,1.156,0.06421,20.666666,2388937000.0,691669000.0,208696038.0,208078295.0,2024-09-30,3.4862,5.0,0.1015
BEC.bk,SET,2024-12-25,Broadcasting,Communication Services,7680000000.0,5475016192.0,3.84,2.165,0.049850002,32.0,4366404000.0,2975556000.0,460334179.0,340187735.0,2024-09-30,0.1682,5.0,0.0721
BEM.bk,SET,2024-12-25,Railroads,Industrials,106343088128.0,184126144512.0,7.1,0.155,0.22108999,28.4,123255223000.0,-11601694000.0,6995095776.0,7015944607.0,2024-09-30,3.3313,5.0,0.0452
BGC.bk,SET,2024-12-25,Packaging & Containers,Consumer Cyclical,5451385344.0,16515102720.0,7.85,0.097,0.023340002,16.354166,13700011000.0,-6201000000.0,752764000.0,634734000.0,2024-09-30,-2.2748,5.0,0.0747
BH.bk,SET,2024-12-25,Medical Care Facilities,Healthcare,158983192576.0,144367173632.0,200.0,12.463,0.29328,22.831049,15842450000.0,11063827000.0,9394614821.0,9142962024.0,2024-09-30,3.193,5.0,0.1952
BIG.bk,SET,2024-12-25,Specialty Retail,Consumer Cyclical,1164530432.0,1273805184.0,0.33,0.102,0.02643,11.000001,830812000.0,1118291000.0,129279734.0,129279734.0,2024-09-30,2.5097,5.0,0.0199
BIS.bk,mai,2024-12-25,Packaged Foods,Consumer Defensive,967120000.0,1110605952.0,3.08,0.194,0.02478,15.4,221431000.0,589721000.0,94581000.0,94581000.0,2024-09-30,0.234,5.0,0.1993
BIZ.bk,SET,2024-12-25,Medical Devices,Healthcare,2042498944.0,1780284416.0,3.4,0.879,0.122329995,9.189189,566798000.0,482498000.0,287692228.0,300302665.0,2024-09-30,0.5553,5.0,0.2427
BJCHI.bk,SET,2024-12-25,Metal Fabrication,Industrials,1902857728.0,1486195200.0,1.19,0.286,0.13819,4.9583335,1228595945.22,2256663415.87,378049363.24,627124948.08,2024-09-30,3.9729,5.0,0.0045
BKGI.bk,SET,2024-12-25,Diagnostics & Research,Healthcare,1284000000.0,806707008.0,2.14,0.66,0.15012,30.57143,87274000.0,456443000.0,46273259.0,46273259.0,2024-09-30,-0.1491,5.0,0.3376
BLAND.bk,SET,2024-12-25,Real Estate - Diversified,Real Estate,9890981888.0,18966417408.0,0.57,0.213,0.26212,8.142857,62804893000.0,2595261000.0,2375374986.0,588868008.0,2024-09-30,2.7209,5.0,0.0004
BLC.bk,SET,2024-12-25,Household & Personal Products,Consumer Defensive,2676000000.0,2595873024.0,4.46,1.434,0.10682999,15.379311,619771753.0,1204428329.0,225444330.0,225444330.0,2024-09-30,2.8256,4.0,0.2221
BM.bk,mai,2024-12-25,Metal Fabrication,Industrials,1771191168.0,2132589056.0,3.1,0.064,0.03313,34.444443,1008964000.0,140818000.0,70128838.0,81077379.0,2024-09-30,1.6291,5.0,0.074
BOFFICE.bk,SET,2024-12-25,REIT - Office,Real Estate,3800040960.0,5337003008.0,5.15,0.824,0.50821,8.306452,9618560504.0,-234408516.0,521802116.0,586464391.0,2024-09-30,0.8798,5.0,0.0626
BOL.bk,mai,2024-12-25,Consulting Services,Industrials,4389701632.0,4475125760.0,5.35,0.518,0.37424,16.71875,736832000.0,379419000.0,318060181.0,266784397.0,2024-09-30,3.2296,5.0,0.2681
BPS.bk,mai,2024-12-25,Electronics & Computer Distribution,Technology,204000000.0,148369680.0,0.51,0.254,0.030150002,25.5,157876457.0,162267121.0,15544623.0,15544623.0,2024-09-30,-1.5452,3.0,0.1385
BR.bk,SET,2024-12-25,Farm Products,Consumer Defensive,1689876864.0,6412850688.0,1.85,0.319,0.030369999,8.409091,7778429000.0,-405710000.0,571282310.0,567965668.0,2024-09-30,2.8593,5.0,0.0554
BRI.bk,SET,2024-12-25,Real Estate - Development,Real Estate,3207584768.0,15303578624.0,3.76,0.318,0.21416001,4.4761906,2288430000.0,9450656000.0,1049931812.0,822157039.0,2024-09-30,1.8597,5.0,0.2362
BRR.bk,SET,2024-12-25,Confectioners,Consumer Defensive,3524514048.0,9113133056.0,4.34,0.116,0.13314,2.9127517,5790871264.0,721220728.0,1700008360.0,1244904318.0,2024-09-30,3.0662,5.0,0.0721
BTG.bk,SET,2024-12-25,Farm Products,Consumer Defensive,36184502272.0,59311271936.0,18.7,0.862,-0.00858,43.488373,32292214000.0,4642025000.0,2625410611.0,2426420891.0,2024-09-30,-0.4758,5.0,0.0929
BVG.bk,mai,2024-12-25,Software - Application,Technology,1215000064.0,819090496.0,2.7,0.949,0.10711,20.769232,320067914.0,468878576.0,72991674.0,67801120.0,2024-09-30,0.2779,5.0,0.1498
BWG.bk,SET,2024-12-25,Waste Management,Industrials,2106467968.0,5164346880.0,0.39,0.399,-0.00033,39.0,6542699000.0,1434594000.0,357645916.0,289081117.0,2024-09-30,1.9699,5.0,0.0087
CAZ.bk,mai,2024-12-25,Engineering & Construction,Industrials,687960000.0,1402586368.0,2.34,0.132,0.06053,4.254545,919070000.0,256879000.0,230294453.0,230294453.0,2024-09-30,2.9603,5.0,0.2495
CBG.bk,SET,2024-12-25,Beverages - Non-Alcoholic,Consumer Defensive,77999996928.0,79999180800.0,78.0,0.938,0.13328,28.782288,13358618000.0,425838000.0,3424023323.0,3245167533.0,2024-09-30,-2.5524,5.0,0.2427
CCET.bk,SET,2024-12-25,Computer Hardware,Technology,98752495616.0,108641050624.0,9.45,0.792,0.01234,49.736843,19597339000.0,18159050000.0,3810828689.0,3928559936.0,2024-09-30,3.6072,5.0,0.0723
CCP.bk,SET,2024-12-25,Building Materials,Basic Materials,719687744.0,1463439744.0,0.26,0.078,0.03398,6.5,1956751000.0,-46866000.0,198984000.0,192767000.0,2024-09-30,2.2237,5.0,0.068
CENTEL.bk,SET,2024-12-25,Resorts & Casinos,Consumer Cyclical,46237499392.0,74441728000.0,34.25,2.005,0.06122,30.855856,51819998000.0,-4323652000.0,3096958692.0,1633792031.0,2024-09-30,3.1259,5.0,-0.0111
CEYE.bk,mai,2024-12-25,Leisure,Consumer Cyclical,771293632.0,850991296.0,2.66,0.769,0.113859996,33.25,477484000.0,193191000.0,35983278.0,39557398.0,2024-09-30,2.2806,5.0,0.0915
CFARM.bk,mai,2024-12-25,Farm Products,Consumer Defensive,452399968.0,478642240.0,0.78,0.296,0.03997,39.0,641171913.0,169037078.0,18532332.0,14952802.0,2024-09-30,-1.2144,3.0,0.0515
CH.bk,SET,2024-12-25,Packaged Foods,Consumer Defensive,1616000000.0,1907553024.0,2.02,0.194,0.06798,15.538462,900634000.0,662493000.0,143280628.0,158786965.0,2024-09-30,1.8765,5.0,0.0742
CHAO.bk,SET,2024-12-25,Packaged Foods,Consumer Defensive,2100000000.0,2479206912.0,7.0,0.313,0.106979996,13.461539,418720000.0,693403000.0,214590665.0,212388920.0,2024-09-30,1.8459,3.0,0.2078
CHG.bk,SET,2024-12-25,Medical Care Facilities,Healthcare,27500001280.0,28771962880.0,2.5,0.131,0.12393,25.0,6275870000.0,2570989000.0,1508753552.0,1518292630.0,2024-09-30,-0.9884,5.0,0.361
CHOW.bk,mai,2024-12-25,Steel,Basic Materials,1416000000.0,2466716928.0,1.77,0.206,0.1183,13.615385,2146999000.0,281498000.0,287888258.0,269335775.0,2024-09-30,3.1497,5.0,-0.0307
CIVIL.bk,SET,2024-12-25,Engineering & Construction,Industrials,1224999936.0,3296118016.0,1.75,0.258,0.01706,10.9375,1621774000.0,545258000.0,139102412.0,97499931.0,2024-09-30,-0.9011,5.0,0.0951
CK.bk,SET,2024-12-25,Engineering & Construction,Industrials,31383037952.0,82344280064.0,18.6,3.907,0.03818,17.884617,67402974000.0,4373543000.0,3815519644.0,664423377.0,2024-09-30,2.9693,5.0,-0.0031
CM.bk,SET,2024-12-25,Packaged Foods,Consumer Defensive,747046144.0,445159904.0,1.96,0.941,0.11196,5.939394,638136339.0,830475853.0,93876455.0,118139501.0,2024-09-30,3.3154,5.0,0.0072
CMAN.bk,SET,2024-12-25,Specialty Chemicals,Basic Materials,2092800128.0,5127847936.0,2.18,0.161,0.06858,15.571429,5020285000.0,-966391000.0,372588401.0,492958976.0,2024-09-30,3.9548,5.0,0.0487
CMR.bk,SET,2024-12-25,Medical Care Facilities,Healthcare,6758059008.0,12959952896.0,1.66,0.059,0.05215,27.666666,10116007657.5,-1956051004.12,681680297.43,597186969.64,2024-09-30,2.2559,5.0,0.0543
CNT.bk,SET,2024-12-25,Engineering & Construction,Industrials,1120411008.0,2206004736.0,1.09,0.128,0.0092,13.625001,2529775000.0,-474150000.0,149623432.0,12718109.0,2024-09-30,-0.1066,5.0,-0.0296
COCOCO.bk,SET,2024-12-25,Packaged Foods,Consumer Defensive,17787000832.0,18021642240.0,12.1,0.397,0.12595001,41.72414,3411922000.0,486898000.0,743651000.0,817867000.0,2024-09-30,3.3887,5.0,0.1482
COLOR.bk,mai,2024-12-25,Specialty Chemicals,Basic Materials,641971840.0,1024460992.0,1.09,0.038,0.02664,27.250002,811872000.0,88395000.0,42409569.0,32881468.0,2024-09-30,-3.0495,5.0,0.0602
COM7.bk,SET,2024-12-25,Specialty Retail,Consumer Cyclical,62407499776.0,69702778880.0,26.5,0.711,0.03852,21.544716,6899005000.0,2286546000.0,3849377353.0,3643198851.0,2024-09-30,3.0515,5.0,0.4416
CPALL.bk,SET,2024-12-25,Grocery Stores,Consumer Defensive,509785243648.0,1145175277568.0,56.75,6.024,0.023529999,21.996124,787443371000.0,-89211619000.0,49078725959.0,48079688528.0,2024-09-30,3.6187,5.0,0.0531
CPANEL.bk,mai,2024-12-25,Building Materials,Basic Materials,564599360.0,1061930112.0,3.46,0.226,0.11851,26.615385,981437000.0,-51436000.0,33540546.0,27867527.0,2024-09-30,0.5523,5.0,0.1121
CPAXT.bk,SET,2024-12-25,Food Distribution,Consumer Defensive,289368670208.0,398935785472.0,27.75,1.875,0.01963,29.838709,467618039000.0,-47697759000.0,18437447105.0,17774142357.0,2024-09-30,3.1614,5.0,0.0436
CPF.bk,SET,2024-12-25,Farm Products,Consumer Defensive,178102108160.0,717692010496.0,23.0,3.793,0.01092,12.365591,664349409000.0,-65484986000.0,26361196000.0,24091674000.0,2024-09-30,-2.2211,5.0,0.0402
CPH.bk,SET,2024-12-25,Apparel Manufacturing,Consumer Cyclical,354000000.0,695526528.0,8.85,3.661,0.06548,7.564103,612704951.92,648149378.0,82530121.99000001,63712411.129999995,2024-09-30,0.6686,5.0,0.1114
CPI.bk,SET,2024-12-25,Farm Products,Consumer Defensive,1809673600.0,2916453888.0,2.86,0.202,0.04954,6.5,3135888000.0,20898000.0,344529000.0,334964163.0,2024-09-30,0.6807,5.0,0.1029
CPN.bk,SET,2024-12-25,Real Estate - Diversified,Real Estate,258059993088.0,405182513152.0,57.5,1.059,0.3169,15.374331,263000217000.0,5799681000.0,24456604649.0,18953796834.0,2024-09-30,3.4766,5.0,0.0448
CPNREIT.bk,SET,2024-12-25,REIT - Diversified,Real Estate,43090731008.0,85245788160.0,11.9,0.497,0.39516997,20.169493,89706531000.0,-5003237000.0,4603697090.0,4808098999.0,2024-09-30,3.3849,5.0,0.0489
CPR.bk,mai,2024-12-25,Auto Parts,Consumer Cyclical,620880000.0,581291008.0,3.12,1.35,0.09255,17.333332,223972000.0,460671000.0,40908481.0,26958763.0,2024-09-30,0.2752,5.0,0.063
CPT.bk,SET,2024-12-25,Electrical Equipment & Parts,Industrials,900000000.0,554186688.0,1.0,0.379,0.06566,12.5,458304160.96,542608579.76,95401471.68,92893876.94,2024-09-30,2.5673,5.0,-0.0215
CPW.bk,SET,2024-12-25,Electronics & Computer Distribution,Technology,1344000000.0,1749536000.0,2.24,0.155,0.01644,13.176471,864574000.0,116106000.0,153634428.0,248558009.0,2024-09-30,3.1309,5.0,0.16
CSC.bk,SET,2024-12-25,Packaging & Containers,Consumer Cyclical,2392032256.0,1216442112.0,46.0,24.344,0.07567,8.318264,2249556000.0,2238764000.0,369718999.0,319100020.0,2024-09-30,1.5187,5.0,0.0511
CSR.bk,SET,2024-12-25,Leisure,Consumer Cyclical,1839874944.0,1624981504.0,89.75,9.233,0.31407,35.615078,1167963129.95,165341578.8,63433507.89,63433507.89,2024-09-30,1.3347,5.0,0.0234
CSS.bk,SET,2024-12-25,Electronics & Computer Distribution,Technology,1011136448.0,517143520.0,0.86,0.574,0.0014200001,17.2,845014000.0,1065460000.0,65286653.0,39266484.0,2024-09-30,-1.1951,5.0,0.0495
CTW.bk,SET,2024-12-25,Electrical Equipment & Parts,Industrials,1416545280.0,2578926080.0,3.56,1.444,-0.0067000003,356.0,1636509000.0,2662485000.0,114674672.0,43291574.0,2024-09-30,-0.3441,5.0,-0.0165
D.bk,mai,2024-12-25,Medical Care Facilities,Healthcare,1053963648.0,1371267200.0,3.08,0.142,0.06632,20.533333,971788502.21,63174312.5,86025038.25,86025038.25,2024-09-30,2.9286,5.0,0.0544
DCC.bk,SET,2024-12-25,Building Products & Equipment,Industrials,16002940928.0,17338253312.0,1.76,0.005,0.15831,14.666667,7256964000.0,488716000.0,1437203034.0,1375388720.0,2024-09-30,-2.8773,5.0,0.2865
DCON.bk,SET,2024-12-25,Building Materials,Basic Materials,1615902080.0,2567283712.0,0.3,0.015,0.110369995,15.000001,1977359936.48,1184797305.28,159697845.63,103686956.08000001,2024-09-30,1.6616,5.0,0.0389
DELTA.bk,SET,2024-12-25,Electrical Equipment & Parts,Industrials,1877306900480.0,1853659545600.0,150.5,1.009,0.13344,86.494255,37612858000.0,44432178000.0,22520120102.0,20360557490.0,2024-09-30,3.34,5.0,0.1942
DHOUSE.bk,mai,2024-12-25,Real Estate - Development,Real Estate,571200192.0,849518656.0,0.63,0.026,-0.09037,Infinity,588562000.0,-24419000.0,18380291.0,15055125.0,2024-09-30,-0.7619,5.0,-0.003
DITTO.bk,SET,2024-12-25,Information Technology Services,Technology,10616884224.0,10597810176.0,15.3,0.979,0.17902,24.285715,2199039000.0,1341540000.0,531893862.0,470412434.0,2024-09-30,3.7519,5.0,0.2471
DMT.bk,SET,2024-12-25,Infrastructure Operations,Industrials,12757283840.0,13676402688.0,10.8,0.344,0.42417,12.55814,9213400000.0,-258380000.0,1302291189.0,1275308063.0,2024-09-30,2.2324,5.0,0.1031
DOHOME.bk,SET,2024-12-25,Home Improvement Retail,Consumer Cyclical,29711675392.0,46292410368.0,9.2,0.063,0.02315,41.81818,18786909000.0,-453718000.0,1477930631.0,1211365271.0,2024-09-30,-1.0764,5.0,0.1045
DREIT.bk,SET,2024-12-25,REIT - Hotel & Motel,Real Estate,3699800064.0,4920801792.0,5.2,0.585,0.78945,9.454545,7509009000.0,287356000.0,506920434.0,513330437.0,2024-09-30,3.2636,5.0,0.0572
DRT.bk,SET,2024-12-25,Building Products & Equipment,Industrials,6412747776.0,7003790848.0,7.5,0.013,0.1092,11.19403,2271954000.0,641989000.0,687589611.0,687589611.0,2024-09-30,1.5023,5.0,0.2854
DTCENT.bk,SET,2024-12-25,Scientific & Technical Instruments,Technology,1368400768.0,544020800.0,1.04,0.778,0.17052001,14.857142,515433000.0,1089916000.0,153306000.0,126844000.0,2024-09-30,-3.0016,5.0,0.1563
DV8.bk,mai,2024-12-25,Broadcasting,Communication Services,686358400.0,169748032.0,0.52,0.473,-0.11097,26.0,67148000.0,709767000.0,10165950.0,10165950.0,2024-09-30,2.6793,5.0,-0.0589
EASON.bk,SET,2024-12-25,Specialty Chemicals,Basic Materials,640444416.0,347207808.0,1.13,0.641,0.14741999,8.692308,506333205.44,514425825.37,93710695.71,40995114.92,2024-09-30,-1.6584,5.0,0.044
EFORL.bk,mai,2024-12-25,Medical Distribution,Healthcare,999619968.0,1455062656.0,0.25,0.012,-0.01979,Infinity,513968000.0,241867000.0,36797000.0,21997000.0,2024-09-30,-1.5273,5.0,0.0943
EKH.bk,SET,2024-12-25,Medical Care Facilities,Healthcare,5133576192.0,3603015680.0,6.0,2.111,0.24306999,14.634147,1002242000.0,1420337000.0,398806750.0,336413873.0,2024-09-30,2.5126,5.0,0.1633
EPG.bk,SET,2024-12-25,Specialty Chemicals,Basic Materials,11032000512.0,16742723584.0,3.94,0.568,0.08218,13.133333,11535679830.0,4050191471.0,1070663371.0,732813140.0,2024-09-30,-3.0213,5.0,0.0781
ERW.bk,SET,2024-12-25,Lodging,Consumer Cyclical,17886162944.0,34562150400.0,3.66,0.332,0.15038,15.250001,23144176000.0,-827780000.0,1813730431.0,1398623913.0,2024-09-30,3.24,5.0,-0.0197
ETE.bk,mai,2024-12-25,Conglomerates,Industrials,492800000.0,1594722048.0,0.88,0.164,0.03088,12.571428,1495601399.0,16469730.0,105063678.0,102103006.0,2024-09-30,2.0921,5.0,0.0536
ETL.bk,SET,2024-12-25,Integrated Freight & Logistics,Industrials,353400000.0,428121984.0,0.57,0.235,0.042379998,19.0,436583000.0,256957000.0,25292090.0,28513951.0,2024-09-30,-2.9975,4.0,0.1708
FANCY.bk,SET,2024-12-25,"Furnishings, Fixtures & Appliances",Consumer Cyclical,215250000.0,28631650.0,0.35,0.314,0.11328,17.5,329888745.03,519393081.27,11674250.63,36861015.88,2024-09-30,3.0941,5.0,-0.0644
FE.bk,SET,2024-12-25,Advertising Agencies,Communication Services,1455949952.0,1331675008.0,185.0,12.345,0.17149,10.317903,1506124000.0,89152000.0,177547208.44,112750709.94,2024-09-30,2.66,5.0,0.0294
FLOYD.bk,mai,2024-12-25,Engineering & Construction,Industrials,333332256.0,4616433.0,0.75,0.7,0.03429,12.5,185950000.0,314928000.0,34564485.0,28876000.0,2024-09-30,2.4316,5.0,0.0412
FM.bk,SET,2024-12-25,Farm Products,Consumer Defensive,3654963456.0,3520115456.0,3.7,0.182,0.06979,6.271187,2238243000.0,1367940000.0,480697063.0,460302019.0,2024-09-30,0.2129,4.0,0.1762
FORTH.bk,SET,2024-12-25,Electronic Components,Technology,9821436928.0,16698839040.0,10.5,0.881,0.0367,43.75,5829966000.0,-1386195000.0,776503906.0,493558391.0,2024-09-30,-0.2827,5.0,0.225
FPI.bk,mai,2024-12-25,Auto Parts,Consumer Cyclical,2889887232.0,3428728576.0,1.91,0.312,0.14499,10.611111,1510797000.0,973490000.0,385878000.0,528740000.0,2024-09-30,3.0825,5.0,0.1993
FPT.bk,SET,2024-12-25,Real Estate - Development,Real Estate,27831361536.0,81650089984.0,12.0,0.491,0.110240005,19.35484,58815562000.0,19896575000.0,3073896000.0,2329481000.0,2024-09-30,-1.9748,5.0,0.0351
FSMART.bk,mai,2024-12-25,Telecom Services,Communication Services,5987470848.0,6435928064.0,7.95,0.356,0.1514,15.288462,1462081000.0,-198997000.0,492466872.0,287664903.0,2024-09-30,-3.0589,5.0,0.3175
FTE.bk,SET,2024-12-25,Security & Protection Services,Industrials,990000000.0,1056217856.0,1.5,0.091,0.07929,8.333333,371243000.0,588750000.0,156348219.54,156348219.54,2024-09-30,3.2192,5.0,0.1097
FTI.bk,SET,2024-12-25,Pollution & Treatment Controls,Industrials,944999936.0,1061580416.0,2.1,0.198,0.044299997,41.999996,428502864.77,343291498.12,34405956.26,38708284.45,2024-09-30,-2.7706,5.0,0.1144
FTREIT.bk,SET,2024-12-25,REIT - Industrial,Real Estate,32833900544.0,44207194112.0,10.0,0.08,0.6742,13.698629,50698927539.0,-3239112412.0,2841555042.0,2983568622.0,2024-09-30,3.5748,5.0,0.0633
FVC.bk,mai,2024-12-25,Pollution & Treatment Controls,Industrials,206394336.0,633133056.0,0.38,0.216,0.10055,2.235294,576839000.0,326695000.0,100320726.0,42651265.0,2024-09-30,2.2862,5.0,0.0452
GABLE.bk,SET,2024-12-25,Information Technology Services,Technology,2100062976.0,2575640064.0,3.0,1.638,0.03946,9.090909,816508000.0,1587946000.0,332457135.0,327195567.0,2024-09-30,2.9559,5.0,0.1592
GAHREIT.bk,SET,2024-12-25,REIT - Hotel & Motel,Real Estate,1175849984.0,1066683008.0,6.7,0.522,1.01409,39.411762,1837744000.0,173100000.0,119143549.07,119143549.07,2024-09-30,-3.2673,5.0,0.0613
GC.bk,SET,2024-12-25,Specialty Chemicals,Basic Materials,2191200000.0,3163574272.0,4.98,0.107,0.03066,12.146341,241392000.0,366371000.0,251788023.0,239258604.0,2024-09-30,2.9437,5.0,0.3631
GFC.bk,mai,2024-12-25,Medical Care Facilities,Healthcare,1562000000.0,1327247872.0,7.1,1.133,0.23608999,18.205128,498247374.24,117190664.67,108333715.64000002,108708925.68,2024-09-30,2.3988,4.0,0.3341
GFPT.bk,SET,2024-12-25,Packaged Foods,Consumer Defensive,12099362816.0,14270332928.0,9.65,2.403,0.10421,6.0312495,18763830000.0,4828568000.0,2381400266.69,1435783114.48,2024-09-30,2.3308,5.0,0.0443
GIFT.bk,SET,2024-12-25,Specialty Chemicals,Basic Materials,2582901504.0,3352988672.0,1.64,0.37,0.052789997,20.5,1251315000.0,1291141000.0,485852392.0,426050478.0,2024-09-30,3.1216,5.0,-0.0049
GLAND.bk,SET,2024-12-25,Real Estate Services,Real Estate,9684746240.0,18020800512.0,1.49,0.011,0.2742,21.285715,29307097000.0,-1018074000.0,867931281.0,888515545.0,2024-09-30,-1.6932,5.0,0.0344
GLOBAL.bk,SET,2024-12-25,Home Improvement Retail,Consumer Cyclical,74906779648.0,86992781312.0,14.4,0.2,0.07418,31.304346,23645235000.0,3031386000.0,3283061149.0,2718705425.0,2024-09-30,0.0791,5.0,0.1412
GPI.bk,SET,2024-12-25,Advertising Agencies,Communication Services,972000000.0,796229376.0,1.62,0.311,0.15656,8.526316,655887070.15,170859251.05,143532930.44,136605045.32999998,2024-09-30,3.5464,5.0,0.0839
GRAMMY.bk,SET,2024-12-25,Entertainment,Communication Services,6600598016.0,7557660672.0,8.05,2.048,0.01821,50.312504,5733986000.0,-159954000.0,408886333.0,310240962.0,2024-09-30,3.4793,5.0,0.0207
GROREIT.bk,SET,2024-12-25,REIT - Hotel & Motel,Real Estate,2787750144.0,4102201088.0,8.85,0.063,0.74064004,10.792684,4515057000.0,413047000.0,331286208.65,329955538.68,2024-09-30,2.138,4.0,0.0736
GTB.bk,mai,2024-12-25,Specialty Industrial Machinery,Industrials,691200000.0,488212992.0,0.72,0.248,0.06315,7.2000003,447042936.33,472213178.07,115641162.21,119297348.21,2024-09-30,2.7695,5.0,0.0369
GVREIT.bk,SET,2024-12-25,REIT - Office,Real Estate,5296200192.0,6963184128.0,6.5,1.707,0.45666,11.607142,11791467100.0,-31814967.0,560953976.0,800430812.0,2024-09-30,-3.1264,5.0,0.0685
GYT.bk,SET,2024-12-25,Auto Parts,Consumer Cyclical,1302400000.0,3252513024.0,176.0,20.691,0.00465,11.340206,6400103000.0,-1655444000.0,240136000.0,153900000.0,2024-09-30,3.686,5.0,0.001
HANA.bk,SET,2024-12-25,Electronic Components,Technology,22576857088.0,17805799424.0,25.5,11.919,0.05889,18.88889,12235906000.0,18248445000.0,1411491956.0,583904972.0,2024-09-30,-2.3158,5.0,0.0656
HARN.bk,mai,2024-12-25,Security & Protection Services,Industrials,1215759872.0,991857984.0,2.08,0.595,0.07735,11.555554,752581000.0,771496000.0,125519782.0,123117782.0,2024-09-30,2.0279,5.0,0.0797
HFT.bk,SET,2024-12-25,Auto Parts,Consumer Cyclical,2739085312.0,1593511040.0,4.16,1.979,0.09227,9.904762,1683677584.0,1808415411.0,293290363.0,368996253.0,2024-09-30,-3.0677,5.0,0.1159
HL.bk,mai,2024-12-25,Medical Distribution,Healthcare,2828800000.0,2129681920.0,10.4,1.882,0.041550003,38.518517,622563048.0,627885955.0,109581945.0,95419847.0,2024-09-30,1.0547,5.0,0.1556
HMPRO.bk,SET,2024-12-25,Home Improvement Retail,Consumer Cyclical,127566643200.0,142086897664.0,9.7,0.232,0.08906,19.795918,46592895000.0,-2683783000.0,8658296265.0,8607333782.0,2024-09-30,3.3678,5.0,0.1895
HPT.bk,mai,2024-12-25,"Furnishings, Fixtures & Appliances",Consumer Cyclical,304556320.0,306572800.0,0.46,0.032,0.095410004,11.5,197304114.0,144793769.0,29197484.0,28284637.0,2024-09-30,2.8465,5.0,0.058
HTC.bk,SET,2024-12-25,Beverages - Non-Alcoholic,Consumer Defensive,6551311872.0,7201956352.0,16.3,0.109,0.08845,7.212389,5703247000.0,-315524000.0,741974573.0,736522326.0,2024-09-30,2.5329,5.0,0.1414
HTECH.bk,SET,2024-12-25,Tools & Accessories,Industrials,1122000000.0,1198436480.0,3.74,1.446,0.06491,13.851851,746048024.0,824513902.0,127984903.0,107794362.0,2024-09-30,-0.5147,5.0,0.0691
HUMAN.bk,SET,2024-12-25,Software - Application,Technology,7286529024.0,7991417344.0,8.4,0.614,0.23712999,22.702702,3062280000.0,577444000.0,389539000.0,352319000.0,2024-09-30,3.0381,5.0,0.0928
I2.bk,mai,2024-12-25,Information Technology Services,Technology,604800000.0,1380190976.0,1.44,0.355,0.060510002,7.2000003,1387600000.0,143572000.0,143616637.0,128050637.0,2024-09-30,1.7576,4.0,0.1972
ICHI.bk,SET,2024-12-25,Beverages - Non-Alcoholic,Consumer Defensive,18850000896.0,19384401920.0,14.5,0.738,0.17714001,13.551401,3722717000.0,2653559000.0,1738095423.0,1716127785.0,2024-09-30,3.1996,5.0,0.1409
ICN.bk,SET,2024-12-25,Telecom Services,Communication Services,1371083904.0,1584466048.0,2.04,0.277,0.10458,11.333333,640569000.0,425498000.0,153472479.0,150882901.0,2024-09-30,0.7602,5.0,0.2062
IHL.bk,SET,2024-12-25,Auto Parts,Consumer Cyclical,936633536.0,2849707520.0,1.58,0.024,0.027139999,31.6,2179453000.0,-236099000.0,120733395.0,153626361.0,2024-09-30,1.6176,5.0,0.051
III.bk,SET,2024-12-25,Integrated Freight & Logistics,Industrials,4187728640.0,4651617280.0,5.35,0.063,0.33505002,5.9444447,4292139631.0,-195535330.0,767476264.0,50936970.0,2024-09-30,-0.1883,5.0,0.0414
ILINK.bk,SET,2024-12-25,Communication Equipment,Technology,3098702336.0,9703717888.0,5.7,1.683,0.07906,5.5339804,5959655633.0,1908984213.0,1108816387.0,980212908.0,2024-09-30,3.5902,5.0,0.1017
ILM.bk,SET,2024-12-25,"Furnishings, Fixtures & Appliances",Consumer Cyclical,8231499776.0,12429389824.0,16.3,0.289,0.07827,10.653594,9879590000.0,-91530000.0,1148665230.0,1144009796.0,2024-09-30,3.3299,5.0,0.0926
IMPACT.bk,SET,2024-12-25,REIT - Specialty,Real Estate,16010999808.0,19279460352.0,10.8,0.599,0.51749,15.428572,20325030000.0,-29328000.0,1176905634.0,1114720788.0,2024-09-30,2.9324,5.0,0.0378
IND.bk,mai,2024-12-25,Engineering & Construction,Industrials,283500000.0,125643000.0,0.81,0.469,0.07275,4.7647057,154679000.0,304240000.0,72305457.0,72305457.0,2024-09-30,2.4807,5.0,0.0609
INET.bk,SET,2024-12-25,Information Technology Services,Technology,3311906816.0,8497295872.0,5.55,0.469,0.12376001,9.098361,14258654514.0,-2515878573.0,1137945250.0,1041328757.0,2024-09-30,3.8336,5.0,0.0616
INGRS.bk,SET,2024-12-25,Auto Parts,Consumer Cyclical,506428992.0,3971224320.0,0.35,0.325,-0.00417,Infinity,4399345000.0,-712545000.0,342029411.0,253578384.0,2024-10-31,2.8153,5.0,-0.0426
INOX.bk,SET,2024-12-25,Steel,Basic Materials,3663983616.0,1362518272.0,0.47,0.371,0.00612,15.666667,2709062469.0,6679267438.0,236940013.0,132811585.0,2024-09-30,-1.0541,5.0,0.0272
INSET.bk,SET,2024-12-25,Information Technology Services,Technology,2617128960.0,2312812800.0,3.22,0.467,0.054109998,29.272728,568205496.46,935018111.27,117360649.09,117360649.09,2024-09-30,-2.9398,5.0,0.1543
INTUCH.bk,SET,2024-12-25,Telecom Services,Communication Services,315858976768.0,300637814784.0,98.5,0.505,1.38192,21.840353,36838814000.0,1332193000.0,15825292018.0,2519399126.0,2024-09-30,2.6755,5.0,0.012
IP.bk,mai,2024-12-25,Biotechnology,Healthcare,1997635200.0,2391289600.0,3.3,0.514,0.01127,165.0,2004289000.0,498767000.0,36151132.0,37688615.0,2024-09-30,-1.3557,5.0,0.0966
IRC.bk,SET,2024-12-25,Auto Parts,Consumer Cyclical,2760911872.0,619948032.0,14.0,10.773,0.071550004,8.641975,1761299189.0,2718512498.0,362348867.0,169213252.0,2024-09-30,-1.8336,5.0,0.0437
IRCP.bk,mai,2024-12-25,Information Technology Services,Technology,311740512.0,383561344.0,0.5,0.229,0.04224,6.25,192734000.0,445580000.0,69374152.0,21378557.0,2024-09-30,2.9164,5.0,-0.0147
IT.bk,SET,2024-12-25,Electronics & Computer Distribution,Technology,1612155648.0,2910075136.0,4.4,0.341,0.01298,14.193548,1637983000.0,-78762000.0,206937157.0,174831933.0,2024-09-30,1.5206,5.0,0.035
ITC.bk,SET,2024-12-25,Packaged Foods,Consumer Defensive,67200000000.0,52638720000.0,22.4,3.867,0.201,18.666666,6316581000.0,18035780000.0,3742876000.0,3430636000.0,2024-09-30,2.4071,5.0,0.1492
ITEL.bk,SET,2024-12-25,Telecom Services,Communication Services,2861195776.0,7327858176.0,2.06,0.035,0.10221,11.444444,5488121779.0,-62414370.0,559723589.0,463279332.0,2024-09-30,3.3913,5.0,0.0936
ITNS.bk,mai,2024-12-25,Information Technology Services,Technology,294689984.0,121555000.0,1.41,0.859,0.07959,7.833333,133479000.0,323830000.0,48581024.0,43039192.0,2024-09-30,1.3733,5.0,0.1759
ITTHI.bk,mai,2024-12-25,"Furnishings, Fixtures & Appliances",Consumer Cyclical,456300000.0,447263136.0,1.69,0.474,0.04492,15.363637,66501986.0,345483380.0,34351855.0,32922965.0,2024-09-30,1.9958,3.0,0.15
J.bk,SET,2024-12-25,Real Estate Services,Real Estate,1738268800.0,4108856576.0,1.19,0.018,0.58077,7.4375005,6538213000.0,-1141609000.0,390873113.0,70626795.0,2024-09-30,-3.4881,5.0,0.0548
JAK.bk,mai,2024-12-25,Real Estate - Development,Real Estate,384000000.0,764709312.0,1.2,0.036,0.110410005,30.000002,203022040.0,470410319.0,36506535.0,36506643.0,2024-09-30,2.6046,5.0,0.0249
JCK.bk,SET,2024-12-25,Real Estate - Development,Real Estate,760550016.0,5665265152.0,0.2,0.02,0.23929001,2.5,4446014000.0,385130000.0,791446983.0,701613831.0,2024-09-30,2.91,5.0,0.0376
JCT.bk,SET,2024-12-25,Household & Personal Products,Consumer Defensive,1069875008.0,800811008.0,79.25,21.681,0.110810004,12.441131,710593000.0,752007000.0,103254630.0,103684617.0,2024-09-30,2.7395,5.0,0.0608
JDF.bk,SET,2024-12-25,Packaged Foods,Consumer Defensive,1212000000.0,1210185984.0,2.02,0.118,0.091129996,16.833334,580661000.0,173425000.0,70859359.0,64028951.0,2024-09-30,0.8616,4.0,0.0634
JMART.bk,SET,2024-12-25,Specialty Retail,Consumer Cyclical,19470800896.0,53110497280.0,13.3,1.785,0.07596,19.558825,51306487000.0,-3461484000.0,3465275544.0,1978258703.0,2024-09-30,-0.3129,5.0,0.0748
JPARK.bk,mai,2024-12-25,Infrastructure Operations,Industrials,2540000000.0,2394205952.0,6.35,0.917,0.1385,39.6875,684399458.0,181029858.0,205500644.0,102019817.0,2024-09-30,1.8579,3.0,0.1649
JSP.bk,mai,2024-12-25,Packaged Foods,Consumer Defensive,958641536.0,1299367296.0,2.02,0.068,0.03125,20.199999,1114907000.0,76308000.0,75786058.0,79954766.0,2024-09-30,0.0179,5.0,0.0559
JTS.bk,SET,2024-12-25,Telecom Services,Communication Services,41857576960.0,49294725120.0,59.25,1.056,0.12201,89.77272,1587591000.0,-442977000.0,642401094.0,408751992.0,2024-09-30,1.3861,5.0,0.1129
JUBILE.bk,mai,2024-12-25,Luxury Goods,Consumer Cyclical,2021566720.0,1402403584.0,11.6,5.121,0.12566,12.888889,455448000.0,1347209000.0,198058246.06,198058246.06,2024-09-30,-2.6816,5.0,0.1961
K.bk,mai,2024-12-25,Specialty Business Services,Industrials,648242432.0,627530880.0,1.18,0.283,0.06804,9.833333,372146652.0,131918070.0,73919125.0,58504690.0,2024-09-30,3.9401,5.0,-0.0631
KAMART.bk,SET,2024-12-25,Household & Personal Products,Consumer Defensive,14629961728.0,13451057152.0,11.4,1.233,0.256,18.999998,1558288000.0,2014432000.0,950502540.0,824033736.0,2024-09-30,3.8528,5.0,0.2345
KBS.bk,SET,2024-12-25,Confectioners,Consumer Defensive,3417434880.0,7089074176.0,5.7,0.129,0.09844,2.821782,8614874000.0,886911000.0,1604849256.0,1686358843.0,2024-09-30,3.0661,5.0,0.0646
KCAR.bk,SET,2024-12-25,Rental & Leasing Services,Industrials,1150000000.0,4254391808.0,4.6,0.228,0.049879998,11.794872,5117079652.77,-527889341.03,225865802.51999998,163312718.59,2024-09-30,-0.797,5.0,0.0549
KCE.bk,SET,2024-12-25,Electronic Components,Technology,29552248832.0,32690343936.0,25.0,1.475,0.13251,16.025642,8595325000.0,5417755000.0,2083904622.0,2069154960.0,2024-09-30,0.9565,5.0,0.1462
KCG.bk,SET,2024-12-25,Packaged Foods,Consumer Defensive,4441750016.0,6123653120.0,8.15,0.252,0.049099997,11.013513,2758431000.0,263191000.0,537333142.0,539540686.0,2024-09-30,2.6514,5.0,0.1891
KDH.bk,SET,2024-12-25,Medical Care Facilities,Healthcare,1788192512.0,1285292928.0,92.25,30.919,0.11634,12.902098,222929000.0,590573000.0,173544408.0,166207474.0,2024-09-30,3.8816,5.0,0.0994
KIAT.bk,SET,2024-12-25,Trucking,Industrials,1019835328.0,696937792.0,0.33,0.142,0.100480005,11.000001,679013624.25,547320375.57,116370376.99000001,81665970.02,2024-09-30,-2.6531,5.0,0.0842
KISS.bk,SET,2024-12-25,Household & Personal Products,Consumer Defensive,2436040448.0,2446981120.0,4.06,0.875,0.141,14.0,68028932.0,1013215572.0,218675627.0,209882371.0,2024-09-30,-0.0096,5.0,0.2538
KJL.bk,mai,2024-12-25,Metal Fabrication,Industrials,1542786688.0,1756750848.0,6.65,0.212,0.14388,9.637681,746530371.0,-56860637.0,189033765.0,183549115.0,2024-09-30,3.0368,5.0,0.2889
KK.bk,mai,2024-12-25,Grocery Stores,Consumer Defensive,289800000.0,410399104.0,1.2,0.177,0.0084,30.000002,244146257.7,24224622.32,19089791.900000002,19089791.91,2024-09-30,-2.4158,5.0,0.0862
KLINIQ.bk,mai,2024-12-25,Personal Services,Consumer Cyclical,6765000192.0,6425920000.0,30.75,3.968,0.11359999,22.445255,1999529304.0,98030205.0,379286537.0,360938844.0,2024-09-30,3.2245,5.0,0.348
KOOL.bk,mai,2024-12-25,"Furnishings, Fixtures & Appliances",Consumer Cyclical,728500032.0,1215105024.0,0.31,0.049,0.1339,31.0,723897000.0,1102916000.0,66108490.0,4435685.0,2024-09-30,0.0994,5.0,-0.0166
KSL.bk,SET,2024-12-25,Confectioners,Consumer Defensive,8335334400.0,29044328448.0,1.89,0.022,0.0682,9.0,37956498626.0,-5745799171.0,1344604218.0,1191541006.0,2024-10-31,1.9749,5.0,0.038
KTBSTMR.bk,SET,2024-12-25,REIT - Diversified,Real Estate,1884375040.0,2908613888.0,6.25,0.678,0.60113,8.333333,4378995000.0,-12432000.0,293887364.42,269112328.86,2024-09-30,2.0468,4.0,0.0438
KTMS.bk,mai,2024-12-25,Medical Care Facilities,Healthcare,450000000.0,674259968.0,1.5,0.273,0.0324,30.0,378170000.0,186514000.0,22537616.0,21420414.0,2024-09-30,2.3779,5.0,-0.0191
KUMWEL.bk,mai,2024-12-25,Security & Protection Services,Industrials,567600000.0,947958976.0,1.32,0.077,0.06984,16.500002,479678000.0,268431000.0,59541932.0,60058848.0,2024-09-30,-0.6734,5.0,0.097
KUN.bk,mai,2024-12-25,Real Estate - Development,Real Estate,969080128.0,2862779904.0,1.23,0.067,0.04966,30.750002,306526679.0,1206709432.0,42257721.0,33202877.0,2024-09-30,-2.7191,5.0,0.1104
KWC.bk,SET,2024-12-25,Real Estate Services,Real Estate,1860000000.0,1630899968.0,310.0,32.308,0.29681,19.922878,615112000.0,239164000.0,117181401.0,100159427.0,2024-09-30,-1.847,5.0,0.1404
KWM.bk,mai,2024-12-25,Farm & Heavy Construction Machinery,Industrials,610682496.0,581742400.0,1.25,0.311,0.08409,11.363636,253556000.0,310584000.0,60670809.0,60699478.0,2024-09-30,-1.0798,5.0,0.1078
KYE.bk,SET,2024-12-25,"Furnishings, Fixtures & Appliances",Consumer Cyclical,5702400000.0,829350976.0,288.0,248.908,0.102299996,9.065156,4068273000.0,5394845000.0,693417007.0,30275295.0,2024-09-30,-1.5939,5.0,0.0109
LALIN.bk,SET,2024-12-25,Real Estate - Development,Real Estate,5503743488.0,12021660672.0,5.95,0.155,0.16037,8.623188,3333404853.11,9365296480.11,821106877.73,795140947.46,2024-09-30,-3.1659,5.0,0.1365
LDC.bk,mai,2024-12-25,Medical Care Facilities,Healthcare,288000000.0,465426816.0,0.48,0.142,0.020610001,48.0,413079709.54,53624689.59,26242506.55,18944737.84,2024-09-30,2.1974,5.0,0.0349
LEE.bk,SET,2024-12-25,Packaged Foods,Consumer Defensive,2155151872.0,2292474112.0,2.36,0.052,0.04581,26.22222,1082702667.0,1818060850.0,104033506.0,53531771.0,2023-12-31,-3.0829,5.0,0.0321
LEO.bk,mai,2024-12-25,Integrated Freight & Logistics,Industrials,951481216.0,1781734400.0,3.02,0.409,0.04764,15.099999,1060909000.0,207866000.0,86061000.0,97905000.0,2024-09-30,-0.1301,5.0,0.1656
LH.bk,SET,2024-12-25,Real Estate - Development,Real Estate,62138437632.0,142267596800.0,5.2,0.347,0.23426001,9.629629,71615192000.0,32690118000.0,8901124866.0,3074948610.0,2024-09-30,-2.6237,5.0,0.0597
LHK.bk,SET,2024-12-25,Steel,Basic Materials,1394120064.0,1271088000.0,3.64,1.095,0.03573,13.481482,529101000.0,1025307000.0,179717182.0,177233259.0,2024-09-30,-1.203,5.0,0.127
LHSC.bk,SET,2024-12-25,REIT - Diversified,Real Estate,8714328064.0,5466326528.0,11.2,1.407,0.43995,7.3202615,7142405000.0,-195668000.0,780172340.0,658922046.0,2024-09-30,3.3658,5.0,0.0411
LPH.bk,SET,2024-12-25,Medical Care Facilities,Healthcare,3124800000.0,3782069248.0,4.34,0.245,0.02655,43.4,2422837569.32,252378722.77,120104010.13,107699813.25,2024-09-30,-1.6077,5.0,0.1385
LPN.bk,SET,2024-12-25,Real Estate - Development,Real Estate,3606416128.0,14611662848.0,2.48,0.289,0.03098,14.588235,5901699442.33,10707949235.57,448617716.99,463655655.0,2024-09-30,-2.0517,5.0,0.0474
LRH.bk,SET,2024-12-25,Lodging,Consumer Cyclical,6542307840.0,10884999168.0,39.25,6.538,0.085710004,7.1363635,23388315000.0,1087255000.0,1447631998.0,753836350.0,2024-09-30,3.2883,5.0,-0.013
LST.bk,SET,2024-12-25,Farm Products,Consumer Defensive,4001600000.0,4901360640.0,4.88,0.736,0.04423,7.7460318,3420214000.0,2518081000.0,746169703.0,741702324.0,2024-09-30,1.8641,5.0,0.1268
LTS.bk,mai,2024-12-25,Home Improvement Retail,Consumer Cyclical,3367579904.0,2515558144.0,16.3,0.737,0.17746,56.206894,47261830.0,277844017.0,77694005.0,78487492.0,2024-09-30,1.9527,3.0,0.2123
M.bk,SET,2024-12-25,Restaurants,Consumer Cyclical,22609698816.0,19718656000.0,25.0,8.061,0.09957,14.367816,12413806000.0,4138719000.0,2014960281.0,1961254797.0,2024-09-30,2.6823,5.0,0.0749
MAGURO.bk,mai,2024-12-25,Restaurants,Consumer Cyclical,2646000128.0,2445577216.0,21.0,3.005,0.05668,35.0,895083791.0,182347661.0,124255455.0,120809899.0,2024-09-30,3.2468,5.0,0.1289
MAJOR.bk,SET,2024-12-25,Entertainment,Communication Services,11495400448.0,14092445696.0,15.0,3.382,0.09629,16.666668,10574027000.0,443148000.0,989070979.0,720635440.0,2024-09-30,2.9632,5.0,-0.0335
MALEE.bk,SET,2024-12-25,Packaged Foods,Consumer Defensive,4474994176.0,6092194304.0,8.2,0.498,0.03302,13.442622,2989004000.0,594715000.0,520978501.0,514718827.0,2024-09-30,4.1052,5.0,0.0086
MANRIN.bk,SET,2024-12-25,Lodging,Consumer Cyclical,834073600.0,1043012160.0,31.0,1.096,0.13385999,16.666666,644154267.13,-5231777.11,77179877.25,76835057.28999999,2024-09-30,3.4365,5.0,-0.0484
MASTER.bk,mai,2024-12-25,Medical Care Facilities,Healthcare,13652467712.0,13560375296.0,45.25,2.033,0.22474001,29.383118,3558553000.0,158440000.0,587124919.0,549117872.0,2024-09-30,2.2795,4.0,0.4199
MATCH.bk,SET,2024-12-25,Entertainment,Communication Services,867608192.0,1161553024.0,1.11,0.076,0.10604,22.2,1348369000.0,87014000.0,50955244.0,42157431.0,2024-09-30,3.3102,5.0,-0.0369
MBAX.bk,mai,2024-12-25,Packaging & Containers,Consumer Cyclical,375690432.0,1066777792.0,1.89,0.46,0.01869,31.5,720312000.0,-64967000.0,45201381.0,31723817.0,2024-09-30,-2.5997,5.0,0.1387
MBK.bk,SET,2024-12-25,Conglomerates,Industrials,27009069056.0,60119236608.0,19.4,0.472,0.1627,12.435898,52283130000.0,847304000.0,4053542222.0,1739930738.0,2024-09-30,2.3108,5.0,0.0177
MC.bk,SET,2024-12-25,Apparel Manufacturing,Consumer Cyclical,8395200512.0,8296413696.0,10.6,2.189,0.17375,11.648352,2331304000.0,2525380000.0,1002057487.0,995119258.0,2024-09-30,3.5722,5.0,0.1594
MCA.bk,mai,2024-12-25,Advertising Agencies,Communication Services,326600000.0,232278000.0,1.42,0.492,0.04438,14.2,90373000.0,221653000.0,27019956.0,26506188.0,2024-09-30,2.4824,4.0,0.1085
M-CHAI.bk,SET,2024-12-25,Medical Care Facilities,Healthcare,4320000000.0,12941481984.0,27.0,1.413,0.027929999,1.5634047,10349402169.0,-1151640668.0,582357151.0,518557583.0,2024-09-30,2.9308,5.0,0.0468
MCS.bk,SET,2024-12-25,Steel,Basic Materials,3172049920.0,3632029952.0,6.65,0.364,0.06295,6.65,1556584000.0,2122769000.0,520568477.0,629454034.0,2024-09-30,-2.3313,5.0,0.1914
MEB.bk,mai,2024-12-25,Software - Application,Technology,7950000128.0,7025268736.0,26.5,4.602,0.20549,18.150684,28329623.0,1306300658.0,551197231.0,529273821.0,2024-09-30,4.0014,5.0,0.9897
MEGA.bk,SET,2024-12-25,Drug Manufacturers - Specialty & Generic,Healthcare,28771710976.0,29414723584.0,33.0,4.236,0.12746,15.566038,3960815000.0,5685987000.0,2171055000.0,3294662000.0,2024-09-30,3.976,5.0,0.2698
MENA.bk,SET,2024-12-25,Trucking,Industrials,866119936.0,1273472384.0,1.18,0.035,0.06513,13.11111,1240103524.0,-3813805.0,84588635.0,49718086.0,2024-09-30,2.3554,5.0,0.0514
METCO.bk,SET,2024-12-25,Electronic Components,Technology,3552659968.0,1884376448.0,170.0,98.09,0.03432,12.014134,2355354699.0,4550127953.0,560801220.0,702897244.0,2024-09-30,-0.36,5.0,0.081
MFEC.bk,SET,2024-12-25,Information Technology Services,Technology,2626651392.0,3259931648.0,5.95,0.798,0.02103,13.522727,1518117000.0,1465875000.0,275936589.0,288605521.0,2024-09-30,-1.8082,5.0,0.1067
MGC.bk,SET,2024-12-25,Auto & Truck Dealerships,Consumer Cyclical,4659200000.0,10841164800.0,4.16,0.882,0.00493,8.489796,8894480442.0,-1100987283.0,640445075.0,529740869.0,2024-09-30,1.6018,4.0,0.1279
MGT.bk,mai,2024-12-25,Specialty Chemicals,Basic Materials,800000000.0,963404032.0,2.0,0.229,0.09059,8.695652,458149000.0,333378000.0,131430769.0,134877243.0,2024-09-30,-0.5588,5.0,0.1899
MINT.bk,SET,2024-12-25,Lodging,Consumer Cyclical,150254469120.0,329506160640.0,26.5,1.824,0.03133,45.689655,304104378000.0,-25233686000.0,21430628460.0,20458093682.0,2024-09-30,3.2034,5.0,0.0002
MITSIB.bk,mai,2024-12-25,Auto & Truck Dealerships,Consumer Cyclical,919668800.0,1740350336.0,0.67,0.017,0.02116,67.0,1025206000.0,271908000.0,72928910.0,154777338.0,2024-09-30,0.7811,5.0,0.0869
MODERN.bk,SET,2024-12-25,"Furnishings, Fixtures & Appliances",Consumer Cyclical,1485000064.0,1601908992.0,2.2,0.831,0.021979999,18.333334,1071944000.0,1308227000.0,118887900.0,88248221.0,2024-09-30,-2.8958,5.0,0.0433
MOONG.bk,mai,2024-12-25,Household & Personal Products,Consumer Defensive,681340864.0,484657952.0,2.06,0.746,0.049840003,20.599998,844892000.0,256477000.0,27271301.0,4470822.0,2024-09-30,2.3706,5.0,0.004
MOSHI.bk,SET,2024-12-25,Department Stores,Consumer Cyclical,14602500096.0,15988992000.0,44.25,2.999,0.16174,33.77863,2292024613.0,1021238641.0,514187874.0,478248565.0,2024-09-30,1.9984,3.0,0.1379
MSC.bk,SET,2024-12-25,Electronics & Computer Distribution,Technology,2808000000.0,2701099008.0,7.8,0.806,0.025710002,13.0,1087994000.0,1402332000.0,291354926.0,292334341.0,2024-09-30,2.8006,5.0,0.1075
MTW.bk,mai,2024-12-25,Auto Manufacturers,Consumer Cyclical,761619968.0,1144984704.0,1.13,0.023,0.056009997,Infinity,454118225.6,182726872.02,18321381.79,17587881.79,2024-09-30,0.8662,5.0,0.0905
NAM.bk,SET,2024-12-25,Medical Devices,Healthcare,3233999872.0,2477099264.0,4.62,1.321,0.17288,20.086956,561184093.51,1539168854.65,216572501.79,190198003.75,2024-09-30,-1.5109,4.0,0.2212
NAT.bk,mai,2024-12-25,Information Technology Services,Technology,1443200000.0,934053632.0,4.4,1.611,0.07678,9.777779,79157682.0,648078468.0,228195964.0,228195964.0,2024-09-30,1.9991,3.0,0.7735
NC.bk,SET,2024-12-25,Apparel Retail,Consumer Cyclical,394706400.0,534199712.0,2.64,0.3,0.02384,44.000004,339365366.0,199712498.0,13192479.0,4718945.0,2024-09-30,2.8606,5.0,-0.0238
NCH.bk,SET,2024-12-25,Real Estate - Development,Real Estate,896601664.0,2587193088.0,0.72,0.092,0.01932,36.000004,1262896000.0,2586847000.0,32218293.5,42205736.36,2024-09-30,-1.492,5.0,0.0864
NDR.bk,mai,2024-12-25,Auto Parts,Consumer Cyclical,790423168.0,563246400.0,1.73,0.404,0.027999999,24.714287,681504184.0,251109332.0,35408593.0,40534747.0,2024-09-30,-1.5951,5.0,0.0307
NEO.bk,SET,2024-12-25,Household & Personal Products,Consumer Defensive,9900000256.0,11123076096.0,33.0,8.082,0.10395,10.855264,4836675000.0,2626988000.0,1333759559.0,1333759540.0,2024-09-30,3.1484,5.0,0.264
NER.bk,SET,2024-12-25,Specialty Chemicals,Basic Materials,8721567744.0,17330681856.0,4.72,0.11,0.06978,4.968421,2183393000.0,10950036000.0,2272523936.0,2136534147.0,2024-09-30,2.0121,5.0,0.2219
NETBAY.bk,mai,2024-12-25,Software - Application,Technology,3480000000.0,2933204992.0,17.4,1.444,0.36571,17.938143,156450000.0,376286000.0,246835626.0,244178712.0,2024-09-30,4.064,5.0,0.368
NEW.bk,SET,2024-12-25,Medical Care Facilities,Healthcare,930000000.0,657796288.0,93.0,7.474,0.102460004,20.261436,512682450.78,16476607.84,63623710.440000005,57107027.38,2024-09-30,2.0271,5.0,0.1087
NFC.bk,SET,2024-12-25,Agricultural Inputs,Basic Materials,1762284672.0,7250020864.0,1.62,0.343,0.08686,10.799999,7070941000.0,-326028000.0,511644416.0,479025298.0,2024-09-30,3.3295,5.0,0.0164
NL.bk,SET,2024-12-25,Engineering & Construction,Industrials,529999968.0,-196607296.0,1.06,1.617,0.0467,7.5714283,314970417.45,630713141.44,72571886.97999999,43882742.379999995,2024-09-30,-1.9699,3.0,0.0814
NOBLE.bk,SET,2024-12-25,Real Estate - Development,Real Estate,3670019072.0,18734897152.0,2.68,1.017,0.10328,9.571428,3385415000.0,13836450000.0,1054141611.0,444638214.0,2024-09-30,-2.6892,5.0,0.0733
NSL.bk,SET,2024-12-25,Packaged Foods,Consumer Defensive,9600000000.0,8936406016.0,32.0,1.24,0.08947,19.39394,1259555006.0,608884190.0,622525506.0,630046074.0,2024-09-30,3.8375,5.0,0.2403
NTSC.bk,mai,2024-12-25,Specialty Chemicals,Basic Materials,910000064.0,775266560.0,9.1,3.452,0.07461,10.34091,427967995.0,681908509.0,99241770.0,89318233.0,2024-09-30,-1.1844,3.0,0.195
NTV.bk,SET,2024-12-25,Medical Care Facilities,Healthcare,4840000000.0,4113487104.0,30.25,6.041,0.14949,12.5,1630935000.0,1142541000.0,467142369.0,467142369.0,2024-09-30,3.1281,5.0,0.1312
NVD.bk,SET,2024-12-25,Real Estate Services,Real Estate,2050197760.0,10871013376.0,1.32,0.012,0.09869,13.200001,2645827825.0,8080569626.0,308355488.0,32019013.0,2024-09-30,-0.1719,5.0,0.0093
NYT.bk,SET,2024-12-25,Marine Shipping,Industrials,3620800000.0,5126475776.0,2.92,0.875,0.31143,6.952381,5497622000.0,-20940000.0,680925025.0,457245319.0,2024-09-30,2.3752,5.0,0.0743
OHTL.bk,SET,2024-12-25,Lodging,Consumer Cyclical,5254034432.0,7903107584.0,348.0,15.559,0.12179,14.795918,5400583390.0,-789007549.0,525613141.0,521817699.0,2024-09-30,3.0754,5.0,-0.0114
ONEE.bk,SET,2024-12-25,Entertainment,Communication Services,10858500096.0,7704918016.0,4.56,0.611,0.07321,21.714287,5028433000.0,2198288000.0,636775847.0,611591884.0,2024-09-30,-2.3077,5.0,0.1217
ORI.bk,SET,2024-12-25,Real Estate - Development,Real Estate,9325656064.0,47796965376.0,3.8,1.043,0.15009,5.6716413,18669883000.0,27650277000.0,2761647560.0,1467147254.0,2024-09-30,-1.9755,5.0,0.1231
ORN.bk,SET,2024-12-25,Real Estate - Development,Real Estate,1050000000.0,2507889920.0,0.7,0.143,0.081,14.0,557683056.0,2370141362.0,103168393.0,100512083.0,2024-09-30,-0.3188,4.0,0.0962
OSP.bk,SET,2024-12-25,Beverages - Non-Alcoholic,Consumer Defensive,63979872256.0,63558238208.0,21.3,0.626,0.09144,42.6,14112592000.0,1764755000.0,2170047500.0,3099835699.0,2024-09-30,-1.2966,5.0,0.1336
PACO.bk,mai,2024-12-25,Auto Parts,Consumer Cyclical,1410000000.0,1305070976.0,1.41,0.173,0.12681,11.75,457540000.0,598824000.0,160716101.0,193934221.0,2024-09-30,2.2691,5.0,0.1155
PANEL.bk,mai,2024-12-25,Engineering & Construction,Industrials,237500000.0,79532992.0,1.25,0.802,0.10724,7.352941,93338599.0,181088420.0,13368318.0,13368318.0,2024-09-30,-0.1412,3.0,0.1488
PATO.bk,SET,2024-12-25,Agricultural Inputs,Basic Materials,1188806272.0,1120561536.0,8.35,0.903,0.13274,13.688525,124154865.0,388688680.0,108311902.0,98761556.0,2024-09-30,-1.24,5.0,0.173
PB.bk,SET,2024-12-25,Packaged Foods,Consumer Defensive,26549999616.0,19940061184.0,59.0,14.477,0.22636,15.649867,5518554000.0,6639799000.0,2006547124.0,1815070233.0,2024-09-30,1.7473,5.0,0.1716
PCC.bk,SET,2024-12-25,Conglomerates,Industrials,3360939008.0,4682668544.0,2.74,0.267,0.06618,9.785714,2972406000.0,759495000.0,520694763.0,475599527.0,2024-09-30,3.3653,5.0,0.1179
PCSGH.bk,SET,2024-12-25,Auto Parts,Consumer Cyclical,6618500096.0,4676599808.0,4.34,1.335,0.18617001,13.151515,2598607000.0,2716067000.0,515962347.0,572969237.0,2024-09-30,3.0883,5.0,0.1039
PDG.bk,mai,2024-12-25,Packaging & Containers,Consumer Cyclical,790020032.0,454510816.0,2.66,1.15,0.103640005,12.09091,211985000.0,408242000.0,81181611.0,78713746.0,2024-09-30,-2.3822,5.0,0.1098
PDJ.bk,SET,2024-12-25,Luxury Goods,Consumer Cyclical,1162140928.0,1583290752.0,1.96,0.385,0.033570003,39.2,1359873000.0,1202426000.0,90256478.0,237285361.0,2024-09-30,2.9406,5.0,0.0384
PEACE.bk,SET,2024-12-25,Real Estate - Development,Real Estate,1259995008.0,2363371008.0,2.5,0.147,0.093030006,15.625,20671000.0,2422917000.0,109819108.0,109666108.0,2024-09-30,-0.9213,5.0,0.1496
PHG.bk,SET,2024-12-25,Medical Care Facilities,Healthcare,4680000000.0,3943403008.0,15.6,2.903,0.12696,15.757576,984598000.0,1067780000.0,370761266.0,370824735.0,2024-09-30,-2.1573,4.0,0.2747
PHOL.bk,mai,2024-12-25,Security & Protection Services,Industrials,603449984.0,657310976.0,2.98,0.228,0.06807,8.764706,163838000.0,253328000.0,76393948.49,66779589.92,2024-09-30,-3.0648,5.0,0.2224
PICO.bk,mai,2024-12-25,Advertising Agencies,Communication Services,826732800.0,516815360.0,3.84,1.256,0.02557,27.42857,174222478.0,331728221.0,59483176.0,48105352.0,2024-10-31,3.6788,5.0,0.018
PIMO.bk,mai,2024-12-25,Specialty Industrial Machinery,Industrials,1060689024.0,653853824.0,1.4,0.51,0.10887,9.333333,427613861.0,702375461.0,136739336.0,122838787.0,2024-09-30,1.4124,5.0,0.118
PIN.bk,SET,2024-12-25,Real Estate - Development,Real Estate,7192000000.0,9099596800.0,6.2,0.488,0.44117,3.542857,1453783000.0,4634169000.0,2131248994.0,2013672319.0,2024-09-30,3.3228,5.0,0.1184
PJW.bk,SET,2024-12-25,Packaging & Containers,Consumer Cyclical,1447222912.0,2989989888.0,2.32,0.143,0.037550002,12.888888,2175798000.0,-214530000.0,204017859.73,204017859.73,2024-09-30,0.9325,5.0,0.1179
PL.bk,SET,2024-12-25,Rental & Leasing Services,Industrials,894765056.0,9508300800.0,1.5,1.134,0.02939,13.636364,9781738000.0,-1747439000.0,435330982.0,345001777.0,2024-09-30,3.9761,5.0,0.0409
PLANB.bk,SET,2024-12-25,Advertising Agencies,Communication Services,30670426112.0,36020568064.0,7.15,0.194,0.11248,29.791668,12305934000.0,958273000.0,1630498576.0,1624478932.0,2024-09-30,3.2516,5.0,0.0664
PLAT.bk,SET,2024-12-25,Real Estate Services,Real Estate,6328000000.0,8934719488.0,2.26,0.194,0.12556,20.545454,10477463000.0,315040000.0,696355340.0,683317310.0,2024-09-30,3.0856,5.0,-0.0032
PLUS.bk,SET,2024-12-25,Beverages - Non-Alcoholic,Consumer Defensive,3336600064.0,3374204672.0,4.98,0.311,0.10589,27.666666,1235231201.0,140861408.0,157299860.0,174607834.0,2024-09-30,2.3154,5.0,0.2321
PM.bk,SET,2024-12-25,Food Distribution,Consumer Defensive,4967267840.0,5074715136.0,8.9,0.056,0.12751001,8.24074,1315914000.0,703152000.0,714768410.0,621937315.0,2024-09-30,2.0989,5.0,0.2504
PMTA.bk,SET,2024-12-25,Agricultural Inputs,Basic Materials,860200000.0,979617024.0,8.5,4.293,0.03474,5.448718,669368000.0,1053634000.0,253399269.0,257505985.0,2024-09-30,2.4602,5.0,0.0781
POLY.bk,SET,2024-12-25,Metal Fabrication,Industrials,3802499840.0,3761819392.0,8.45,0.688,0.23448999,15.648148,923407177.0,378058265.0,273189632.0,206294741.0,2024-09-30,3.2012,5.0,0.1202
PORT.bk,SET,2024-12-25,Marine Shipping,Industrials,698283456.0,2383770624.0,1.15,0.034,0.01911,38.333332,2914928113.0,-329160459.0,80079050.0,65219193.0,2024-09-30,-2.9637,5.0,0.023
PPM.bk,mai,2024-12-25,Industrial Distribution,Industrials,696301632.0,1272690176.0,1.65,0.325,0.07618,4.852941,996175000.0,385245000.0,217977079.82999998,182827919.26,2024-09-30,2.4298,5.0,0.0743
PQS.bk,SET,2024-12-25,Farm Products,Consumer Defensive,1581199872.0,1875788928.0,2.36,0.546,0.09977999,5.488372,1975769478.0,368844468.0,316512346.0,329827014.0,2024-09-30,1.0749,5.0,0.203
PR9.bk,SET,2024-12-25,Medical Care Facilities,Healthcare,20443801600.0,18024669184.0,26.0,2.834,0.15074,29.545454,3727766000.0,1829785000.0,861062819.0,796103190.0,2024-09-30,3.3411,5.0,0.093
PRAPAT.bk,mai,2024-12-25,Specialty Chemicals,Basic Materials,513425920.0,1037441920.0,1.32,0.315,0.048060004,8.8,759945000.0,25997000.0,100110256.0,101189835.0,2024-09-30,3.3576,5.0,0.0804
PREB.bk,SET,2024-12-25,Engineering & Construction,Industrials,1327306880.0,2452598528.0,4.3,1.816,0.03782,9.555556,2137597584.35,1405239380.49,233443211.91,38950539.150000006,2024-09-30,-1.7511,5.0,0.0738
PRI.bk,mai,2024-12-25,Real Estate Services,Real Estate,2592000000.0,2358181888.0,8.1,2.014,0.17999001,8.526317,486610000.0,1242984000.0,406243227.0,394757064.0,2024-09-30,3.5065,5.0,0.3996
PRIN.bk,SET,2024-12-25,Real Estate - Development,Real Estate,2269218560.0,8809499648.0,1.86,0.069,0.077020004,23.25,5705578561.0,4657129607.0,275692364.0,236553011.0,2024-09-30,-1.8506,5.0,0.0516
PROS.bk,mai,2024-12-25,Engineering & Construction,Industrials,546031552.0,908262848.0,0.99,0.028,0.020610001,24.75,281473000.0,-31896000.0,45385708.0,44422847.0,2024-09-30,-1.0848,5.0,-0.2522
PROSPECT.bk,SET,2024-12-25,REIT - Industrial,Real Estate,3168749824.0,4860395008.0,8.45,0.131,0.47529998,10.833333,5312134000.0,-142644000.0,392552166.0,408926306.0,2024-09-30,2.5464,4.0,0.0886
PROUD.bk,mai,2024-12-25,Real Estate - Development,Real Estate,1246737920.0,4776818176.0,1.28,0.242,0.02089,64.0,318156000.0,6405923000.0,84574935.0,81121543.0,2024-09-30,1.8108,5.0,0.0336
PRTR.bk,SET,2024-12-25,Staffing & Employment Services,Industrials,2484000000.0,2364014848.0,4.14,0.631,0.031489998,11.189189,261309837.0,1500654612.0,276574591.0,276574591.0,2024-09-30,1.8301,4.0,0.37
PSG.bk,mai,2024-12-25,Engineering & Construction,Industrials,30546427904.0,30022604800.0,0.47,0.039,0.49291,15.666667,341990000.0,3908243000.0,2437318563.0,2667017276.0,2024-09-30,3.4826,5.0,0.1022
PSH.bk,SET,2024-12-25,Real Estate - Development,Real Estate,17621450752.0,36263997440.0,8.05,1.485,0.04264,20.125,24316140000.0,27086593000.0,2038576586.0,841097084.0,2024-09-30,-3.3432,5.0,0.0574
PSL.bk,SET,2024-12-25,Marine Shipping,Industrials,10992994304.0,15456521216.0,7.05,1.095,0.24392,7.5,21126982000.0,589060000.0,2082494373.0,1807945085.0,2024-09-30,-0.0906,5.0,0.1274
PSP.bk,SET,2024-12-25,Specialty Chemicals,Basic Materials,5907999744.0,7103206912.0,4.22,0.445,0.04782,9.813952,3027937317.0,1561851326.0,847705900.0,841798305.0,2024-09-30,3.3547,5.0,0.1855
PT.bk,SET,2024-12-25,Information Technology Services,Technology,2555000832.0,2644308736.0,9.0,0.192,0.0779,8.490566,407916000.0,515996000.0,386306481.0,390302816.0,2024-09-30,3.396,5.0,0.2208
PTG.bk,SET,2024-12-25,Specialty Retail,Consumer Cyclical,13777500160.0,40380407808.0,8.25,1.876,0.0060900003,10.185185,41770794000.0,-12102031000.0,2802564390.0,2216835595.0,2024-09-30,-1.8416,5.0,0.0686
PTL.bk,SET,2024-12-25,Specialty Chemicals,Basic Materials,10350000128.0,13132229632.0,11.5,2.102,0.03402,8.582089,14262485000.0,6820309000.0,1565450804.0,1389043544.0,2024-09-30,-3.2343,5.0,0.1297
PYLON.bk,SET,2024-12-25,Engineering & Construction,Industrials,1394763776.0,1092017536.0,1.86,0.483,0.03021,37.2,381137151.0,626062708.0,45598039.0,33861330.0,2024-09-30,-2.1619,5.0,0.1151
Q-CON.bk,SET,2024-12-25,Building Products & Equipment,Industrials,3659999744.0,2436408064.0,9.15,3.444,0.25511998,5.8653846,1231926000.0,1532333000.0,784180433.0,790494174.0,2024-09-30,3.0604,5.0,0.1665
QH.bk,SET,2024-12-25,Real Estate - Development,Real Estate,18535911424.0,29369778176.0,1.73,0.115,0.25469,8.238095,23128675000.0,14850497000.0,2685692189.0,983911178.0,2024-09-30,-0.531,5.0,0.0316
QTC.bk,SET,2024-12-25,Electrical Equipment & Parts,Industrials,1262044032.0,861618816.0,3.7,1.508,0.081379995,14.23077,659343000.0,935287000.0,113057761.0,113055234.0,2024-09-30,-1.871,5.0,0.0632
RAM.bk,SET,2024-12-25,Medical Care Facilities,Healthcare,26640001024.0,47145070592.0,22.2,1.096,0.1488,20.747663,38730681000.0,-7413174000.0,1677065778.0,733797392.0,2024-09-30,-0.4322,5.0,0.044
RBF.bk,SET,2024-12-25,Packaged Foods,Consumer Defensive,14199999488.0,10615222272.0,7.1,0.349,0.13847,27.307693,2752373511.0,2322893470.0,656718602.0,653398789.0,2024-09-30,0.7384,5.0,0.1451
RCL.bk,SET,2024-12-25,Marine Shipping,Industrials,23205001216.0,19261581312.0,28.0,14.941,0.06489,4.3956046,46714127000.0,5903467000.0,5830365721.0,5907491920.0,2024-09-30,-0.383,5.0,0.3046
READY.bk,mai,2024-12-25,Software - Infrastructure,Technology,684000000.0,480741344.0,5.7,1.589,0.20267001,16.764706,166521415.0,93784119.0,48279120.0,44064656.0,2024-09-30,3.2204,5.0,-0.1447
RJH.bk,SET,2024-12-25,Medical Care Facilities,Healthcare,6266947072.0,7649695744.0,21.4,0.592,0.19697,11.693989,3527999913.16,41335496.67,673500598.8499999,651454385.46,2024-09-30,-0.3794,5.0,0.3755
ROCK.bk,SET,2024-12-25,"Furnishings, Fixtures & Appliances",Consumer Cyclical,204000000.0,370440992.0,10.2,4.37,0.03132,6.8456373,496438000.0,50898000.0,49332374.0,51478765.0,2024-09-30,3.344,5.0,-0.0176
ROCTEC.bk,SET,2024-12-25,Advertising Agencies,Communication Services,8848599040.0,7637881344.0,1.09,0.182,0.099589996,27.250002,3835927000.0,1065353000.0,476935354.0,149583710.0,2024-09-30,2.2291,5.0,0.0343
RPH.bk,SET,2024-12-25,Medical Care Facilities,Healthcare,2918842112.0,2648461056.0,5.35,0.707,0.1535,16.71875,1381948000.0,397563000.0,222486709.0,202161026.0,2024-09-30,-0.4655,5.0,0.1706
RSP.bk,SET,2024-12-25,Footwear & Accessories,Consumer Cyclical,1419129984.0,1151736064.0,1.91,1.026,0.06852,13.642857,838395000.0,1298978000.0,144874259.0,81548185.0,2024-09-30,2.3787,5.0,0.051
RT.bk,SET,2024-12-25,Engineering & Construction,Industrials,576170368.0,3338368768.0,0.39,0.037,0.03147,7.7999997,1859842000.0,308130000.0,251241037.0,243415406.0,2024-09-30,-0.241,5.0,0.0492
S.bk,SET,2024-12-25,Resorts & Casinos,Consumer Cyclical,6168347648.0,49663942656.0,0.9,0.382,0.01906,15.0,56598122000.0,2973565000.0,3318914104.0,2016000977.0,2024-09-30,3.4994,5.0,-0.0076
SA.bk,SET,2024-12-25,Real Estate - Development,Real Estate,8871933952.0,22430857216.0,7.4,0.342,0.10642,24.666666,8091254000.0,6726777000.0,697826000.0,456692000.0,2024-09-30,-1.5563,5.0,0.0251
SABINA.bk,SET,2024-12-25,Apparel Manufacturing,Consumer Cyclical,7054249984.0,7339400704.0,20.3,1.2,0.13416,15.149253,526852180.46,1441604179.82,591900815.22,576012787.35,2024-09-30,3.0667,5.0,0.2153
SAFE.bk,SET,2024-12-25,Medical Care Facilities,Healthcare,3495401984.0,2475354624.0,11.5,5.165,0.25002,17.96875,313928267.0,1558907562.0,243278293.0,230097880.0,2024-09-30,2.4314,4.0,0.1253
SALEE.bk,mai,2024-12-25,Specialty Chemicals,Basic Materials,562577600.0,733440640.0,0.37,0.182,0.00028,Infinity,924149000.0,654062000.0,20847138.0,11549356.0,2024-09-30,0.9299,5.0,0.0145
SANKO.bk,mai,2024-12-25,Auto Parts,Consumer Cyclical,383161056.0,457449408.0,1.21,0.074,0.0789,5.5,253566000.0,104613000.0,88889893.0,87147550.0,2024-09-30,3.9442,5.0,0.0537
SAPPE.bk,SET,2024-12-25,Beverages - Non-Alcoholic,Consumer Defensive,21790081024.0,21594079232.0,70.75,6.873,0.18225999,17.6875,2877990000.0,1551919000.0,1545231621.0,1270964023.0,2024-09-30,2.9692,5.0,0.1711
SAT.bk,SET,2024-12-25,Auto Parts,Consumer Cyclical,4634614272.0,3376704256.0,10.9,3.287,0.097670004,6.6060605,4543326000.0,3962821000.0,812440046.0,732541508.0,2024-09-30,1.3675,5.0,0.1083
SAUCE.bk,SET,2024-12-25,Packaged Foods,Consumer Defensive,13680000000.0,13217735680.0,38.0,2.784,0.21368,18.446602,1005640000.0,1985330000.0,874221263.0,874221263.0,2024-09-30,3.4164,5.0,0.2579
SAV.bk,SET,2024-12-25,Airports & Air Services,Industrials,12352000000.0,13449763840.0,19.3,0.886,0.19452,30.63492,1037733000.0,740177000.0,532673750.0,513046868.0,2024-09-30,2.8082,4.0,0.1471
SC.bk,SET,2024-12-25,Real Estate - Development,Real Estate,11805100032.0,46676783104.0,2.76,0.509,0.08898,5.75,13639217000.0,32082788000.0,2959632383.0,2700051227.0,2024-09-30,1.6451,5.0,0.0859
SCCC.bk,SET,2024-12-25,Building Materials,Basic Materials,48723001344.0,64970772480.0,163.5,10.253,0.09224,13.336052,52336680000.0,-444765000.0,5625220000.0,4830585000.0,2024-09-30,-1.9327,5.0,0.0691
SCGD.bk,SET,2024-12-25,Building Materials,Basic Materials,8216999936.0,15017268224.0,4.98,5.498,0.0332,9.396227,19122018000.0,3370982000.0,1745935000.0,1160030000.0,2024-09-30,-2.1064,4.0,0.0454
SCGP.bk,SET,2024-12-25,Packaging & Containers,Consumer Cyclical,86716989440.0,154405011456.0,20.2,2.398,0.03728,17.565218,133763839000.0,-7711676000.0,8454633000.0,8534640000.0,2024-09-30,-2.5564,5.0,0.0706
SCL.bk,mai,2024-12-25,Auto Parts,Consumer Cyclical,325000000.0,678227968.0,1.3,0.4,0.020569999,8.125,230071000.0,126486000.0,68761650.0,67632585.0,2024-09-30,2.8591,5.0,0.1811
SCM.bk,SET,2024-12-25,Household & Personal Products,Consumer Defensive,757304768.0,2167830272.0,1.27,0.369,0.08449,15.875,285047627.0,424341345.0,78605878.0,69535962.0,2024-09-30,-1.2544,5.0,0.2139
SCP.bk,SET,2024-12-25,Building Materials,Basic Materials,1919640064.0,706529024.0,6.8,4.426,0.11419,6.601942,642554000.0,1714040000.0,369269359.0,351792709.0,2024-09-30,1.2747,5.0,0.0729
SE.bk,SET,2024-12-25,Industrial Distribution,Industrials,394080992.0,336962432.0,0.58,0.134,0.080469996,9.666667,295159601.48,176447788.36,47381435.010000005,24903132.54,2024-09-30,-1.7399,5.0,0.1145
SEAFCO.bk,SET,2024-12-25,Engineering & Construction,Industrials,1556527616.0,1590738688.0,1.93,0.289,0.08914,24.125,1458232000.0,260542000.0,95283442.0,80734270.0,2024-09-30,0.2452,5.0,0.0174
SECURE.bk,mai,2024-12-25,Software - Infrastructure,Technology,1263714304.0,818157888.0,12.3,4.727,0.08858,12.947369,128769502.0,588440035.0,124239493.0,120620935.0,2024-09-30,3.4357,5.0,0.1558
SELIC.bk,mai,2024-12-25,Specialty Chemicals,Basic Materials,1979555840.0,2971756288.0,3.24,0.286,0.06503,14.086956,1985162000.0,473396000.0,283599000.0,270701000.0,2024-09-30,2.9357,5.0,0.0845
SENA.bk,SET,2024-12-25,Real Estate - Development,Real Estate,3259529984.0,18196344832.0,2.26,0.483,0.11797,7.533333,14514345597.0,3079099248.0,990599685.0,89952277.0,2024-09-30,-3.9564,5.0,0.0416
SFLEX.bk,SET,2024-12-25,Packaging & Containers,Consumer Cyclical,2266904064.0,3148018176.0,2.92,0.127,0.12189,9.419355,1347710000.0,98720000.0,286469078.0,266035172.0,2024-09-30,2.193,5.0,0.1444
SFT.bk,mai,2024-12-25,Specialty Industrial Machinery,Industrials,1144000000.0,1652627968.0,2.6,0.082,0.03334,51.999996,680889000.0,229077000.0,36884317.08,45271660.88,2024-09-30,-3.1481,5.0,0.1157
SHANG.bk,SET,2024-12-25,Lodging,Consumer Cyclical,6045000192.0,2208820480.0,46.5,29.344,0.0876,30.0,4091480000.0,3536490000.0,696858981.0,696858981.0,2024-09-30,3.0754,5.0,-0.0035
SHR.bk,SET,2024-12-25,Resorts & Casinos,Consumer Cyclical,8912227328.0,23736205312.0,2.48,0.614,0.011770001,248.0,32412042000.0,-2776397000.0,1305620093.0,1220015883.0,2024-09-30,3.4691,5.0,-0.0203
SICT.bk,mai,2024-12-25,Semiconductors,Technology,1958400000.0,2276310784.0,4.08,0.101,0.19431,17.73913,272799635.0,486937490.0,114260924.0,113985982.0,2024-09-30,2.8846,5.0,0.1775
SIMAT.bk,mai,2024-12-25,Electronics & Computer Distribution,Technology,927447936.0,2017501952.0,1.43,0.227,0.06156,11.916666,1147094000.0,425687000.0,104351508.0,101863674.0,2024-09-30,-2.5614,5.0,0.0949
SINGER.bk,SET,2024-12-25,Specialty Retail,Consumer Cyclical,6520816128.0,7875943936.0,8.0,2.484,0.036989998,72.72727,9522959000.0,5331046000.0,399372977.0,396051909.0,2024-09-30,-1.5321,5.0,-0.0129
SINO.bk,SET,2024-12-25,Integrated Freight & Logistics,Industrials,956800000.0,1057988992.0,0.92,0.215,0.00997,23.0,267514000.0,720496000.0,83475743.0,121326389.0,2024-09-30,-1.7144,4.0,0.7714
SIRI.bk,SET,2024-12-25,Real Estate - Development,Real Estate,30623653888.0,111158149120.0,1.77,0.183,0.13981,6.1034484,33423040000.0,71338981000.0,6846213138.0,5096370596.0,2024-09-30,3.6508,5.0,0.0453
SIS.bk,SET,2024-12-25,Electronics & Computer Distribution,Technology,10155770880.0,11282364416.0,29.0,1.052,0.02491,15.846994,1043855000.0,3141654000.0,873080000.0,912684000.0,2024-09-30,2.6987,5.0,0.2492
SISB.bk,SET,2024-12-25,Education & Training Services,Consumer Defensive,28199999488.0,28760803328.0,30.0,1.678,0.345,32.967033,3545024000.0,454386000.0,882066401.0,836432922.0,2024-09-30,3.6223,5.0,0.1157
SITHAI.bk,SET,2024-12-25,Packaging & Containers,Consumer Cyclical,3243214848.0,4424978432.0,1.23,0.301,0.04995,8.785714,3826071000.0,1398135000.0,500274253.0,475350576.0,2024-09-30,3.1578,5.0,0.0586
SJWD.bk,SET,2024-12-25,Integrated Freight & Logistics,Industrials,19015710720.0,36260077568.0,10.5,0.703,0.0433,15.90909,37302996000.0,211159000.0,1944870794.0,1013167964.0,2024-09-30,3.1867,5.0,0.0491
SK.bk,mai,2024-12-25,Building Materials,Basic Materials,266800000.0,184361936.0,0.58,0.274,0.06176,4.8333335,227097669.19,223087510.89,68004884.79,66031632.370000005,2024-09-30,2.843,5.0,0.0675
SKN.bk,SET,2024-12-25,Lumber & Wood Production,Basic Materials,4280000000.0,3370921984.0,5.35,1.527,0.16757,7.9850745,2912675000.0,1278735000.0,595434640.0,595434640.0,2024-09-30,0.8965,5.0,0.1633
SKR.bk,SET,2024-12-25,Medical Care Facilities,Healthcare,19446493184.0,19265046528.0,9.45,0.327,0.13991,23.625,7017727347.0,1297655429.0,1095227286.0,1062228711.0,2024-09-30,0.7993,5.0,0.1674
SKY.bk,SET,2024-12-25,Information Technology Services,Technology,17171519488.0,20685328384.0,24.0,0.326,0.108109996,30.379745,7086623497.0,290477252.0,978011134.0,549577419.0,2024-09-30,2.5216,5.0,0.0437
SLP.bk,SET,2024-12-25,Specialty Business Services,Industrials,540000000.0,361694016.0,0.45,0.206,0.041220002,15.0,480224000.0,410214000.0,42066960.0,34169578.0,2024-09-30,2.8636,5.0,-0.0344
SMD.bk,mai,2024-12-25,Medical Distribution,Healthcare,1215062528.0,1131212288.0,5.85,1.063,0.050040003,24.375,318249000.0,611242000.0,74087323.0,70801707.0,2024-09-30,-1.1873,5.0,0.2912
SMIT.bk,SET,2024-12-25,Steel,Basic Materials,2088200064.0,1505203584.0,3.94,1.19,0.0795,16.416668,884241070.31,1736747841.7,119928788.15,131668148.19,2024-09-30,-1.7493,5.0,0.0899
SMPC.bk,SET,2024-12-25,Metal Fabrication,Industrials,5033756160.0,4922386944.0,9.4,1.648,0.13013,9.126213,1402727000.0,1561072000.0,633753000.0,588556000.0,2024-09-30,-1.7577,5.0,0.293
SNNP.bk,SET,2024-12-25,Packaged Foods,Consumer Defensive,11520000000.0,12113434624.0,12.0,0.108,0.10557,17.910448,2519457829.0,1184592355.0,795092352.0,791630918.0,2024-09-30,3.5412,5.0,0.1524
SNP.bk,SET,2024-12-25,Restaurants,Consumer Cyclical,5708186624.0,6286246400.0,11.1,1.533,0.0762,13.536586,3198942000.0,217324000.0,553324986.0,460281280.0,2024-09-30,2.9406,5.0,0.1106
SO.bk,SET,2024-12-25,Specialty Business Services,Industrials,2104583168.0,3344493824.0,4.42,0.112,0.05448,16.37037,1666868000.0,98960000.0,166112234.0,156301260.0,2024-09-30,0.1051,5.0,0.124
SONIC.bk,mai,2024-12-25,Integrated Freight & Logistics,Industrials,1450891136.0,925920832.0,1.76,0.7,0.08157,9.777778,1152791341.0,637023652.0,205096188.0,161981975.0,2024-09-30,0.1983,5.0,0.1717
SORKON.bk,SET,2024-12-25,Packaged Foods,Consumer Defensive,1358279936.0,2499712000.0,4.2,0.721,0.030569999,11.666666,2000015000.0,-135004000.0,167689229.0,198144639.0,2024-09-30,-0.5643,5.0,0.0893
SPA.bk,mai,2024-12-25,Personal Services,Consumer Cyclical,9169874944.0,9619125248.0,7.15,0.204,0.22674999,25.535715,1688168000.0,26142000.0,386331862.0,381781266.0,2024-09-30,3.191,5.0,-0.01
SPACK.bk,SET,2024-12-25,Packaging & Containers,Consumer Cyclical,540000000.0,842733568.0,1.8,0.456,0.02767,9.473684,810404659.84,-80412360.03,83133201.85000001,83133201.85000001,2024-09-30,-1.505,5.0,0.0899
SPALI.bk,SET,2024-12-25,Real Estate - Development,Real Estate,35740811264.0,62753894400.0,18.3,4.35,0.18290001,5.7366767,10912843000.0,51699515000.0,8672494296.0,7837481747.0,2024-09-30,1.8044,5.0,0.149
SPC.bk,SET,2024-12-25,Food Distribution,Consumer Defensive,18961403904.0,15135140864.0,57.75,15.917,0.071100004,6.7229333,24053155000.0,5695942000.0,3481335596.0,2793098554.0,2024-09-30,3.1477,5.0,0.0703
SPG.bk,SET,2024-12-25,Specialty Chemicals,Basic Materials,4692000256.0,1753408000.0,13.6,9.103,0.13645001,15.111112,1501299000.0,4199871000.0,389855112.0,325736262.0,2024-09-30,-2.6668,5.0,0.0782
SPI.bk,SET,2024-12-25,Real Estate Services,Real Estate,36746694656.0,53334978560.0,64.25,1.616,0.47064,10.023401,65943202000.0,-9313509000.0,4189057437.0,1153203414.0,2024-09-30,3.0128,5.0,0.011
SPREME.bk,SET,2024-12-25,Electronics & Computer Distribution,Technology,1243200000.0,871276032.0,1.68,0.727,0.12527001,8.0,455248000.0,500591000.0,189018000.0,168928000.0,2024-09-30,2.1913,4.0,0.2399
SPRIME.bk,SET,2024-12-25,REIT - Diversified,Real Estate,1867415040.0,3017484032.0,4.18,0.539,0.53889,6.8524585,6133672000.0,39911000.0,348725830.0,334465938.0,2024-09-30,2.1921,5.0,0.0566
SPVI.bk,mai,2024-12-25,Electronics & Computer Distribution,Technology,720000000.0,933038976.0,1.8,0.224,0.0101,12.857142,430632000.0,286846000.0,74174919.0,70271176.0,2024-09-30,-1.1213,5.0,0.221
SRS.bk,mai,2024-12-25,Information Technology Services,Technology,790400000.0,591555008.0,4.94,2.133,0.0466,27.444443,236873000.0,618688000.0,44365078.0,38481078.0,2024-09-30,0.3807,4.0,0.3659
SSC.bk,SET,2024-12-25,Beverages - Non-Alcoholic,Consumer Defensive,13294999552.0,14461978624.0,50.0,9.943,0.03136,32.894737,10502587779.0,1693880428.0,465576895.0,78387169.0,2024-09-30,2.9904,5.0,-0.0054
SSF.bk,SET,2024-12-25,Packaged Foods,Consumer Defensive,1754993536.0,2832742144.0,6.5,1.435,0.02905,10.655738,2673549000.0,331570000.0,428274272.0,337445918.0,2024-09-30,-1.6142,5.0,0.1022
SSSC.bk,SET,2024-12-25,Steel,Basic Materials,1356795776.0,1462781696.0,2.12,0.239,0.037890002,7.066666,1062646000.0,2269607000.0,253811680.0,235812496.0,2024-09-30,2.4485,5.0,0.0756
SSTRT.bk,SET,2024-12-25,REIT - Industrial,Real Estate,955748160.0,1077016960.0,4.86,0.041,0.67547995,9.918367,1597347000.0,12974000.0,101254351.56,122661168.65,2024-09-30,2.9101,5.0,0.0649
STA.bk,SET,2024-12-25,Specialty Chemicals,Basic Materials,27033600000.0,80178888704.0,17.6,5.527,0.0038299998,67.692314,65581424672.0,25330100290.0,2099752141.0,2213295823.0,2024-09-30,-2.851,5.0,0.1748
STANLY.bk,SET,2024-12-25,Auto Parts,Consumer Cyclical,16704249856.0,8352742400.0,218.0,108.992,0.11667,10.562016,12149879647.0,9440405220.0,1559366234.0,1559366234.0,2024-09-30,2.638,5.0,0.0651
STC.bk,mai,2024-12-25,Building Materials,Basic Materials,306720000.0,604099968.0,0.54,0.005,-0.00219,54.000004,577759000.0,-110437000.0,17101487.0,17544902.0,2024-09-30,0.3297,5.0,0.0378
STEC.bk,SET,2024-12-25,Engineering & Construction,Industrials,9913214976.0,11269067776.0,6.5,2.572,0.0077600004,40.625,26225184000.0,-6705364000.0,464018613.0,617386091.0,2024-06-30,-2.9844,5.0,0.0379
STECH.bk,SET,2024-12-25,Building Materials,Basic Materials,841000000.0,1977081728.0,1.16,0.229,0.06249,6.105263,2186638378.0,-93197855.0,215596485.0,245059668.0,2024-09-30,2.98,5.0,0.1069
STGT.bk,SET,2024-12-25,Specialty Chemicals,Basic Materials,28365279232.0,28182016000.0,9.9,1.873,0.01684,76.15385,33232151272.0,6796686809.0,702828621.0,205366184.0,2024-09-30,-2.7329,5.0,0.257
STI.bk,SET,2024-12-25,Engineering & Construction,Industrials,1821050880.0,2311091200.0,3.02,0.208,0.027409999,33.555553,442632616.0,840133517.0,90121276.0,89353084.0,2024-09-30,-2.6428,5.0,0.1485
STP.bk,mai,2024-12-25,Paper & Paper Products,Basic Materials,1140000000.0,1246749056.0,11.4,0.754,0.20425,7.8620687,521153000.0,352423000.0,184313220.75,172758512.78,2024-09-30,0.1286,4.0,0.2389
STPI.bk,SET,2024-12-25,Metal Fabrication,Industrials,5835509248.0,6506358784.0,3.22,0.484,0.09032,161.0,11821969000.0,606080000.0,58163499.0,401948999.0,2024-09-30,3.7755,5.0,-0.0088
STX.bk,mai,2024-12-25,Building Materials,Basic Materials,420774976.0,190088448.0,1.37,0.931,0.1342,8.5625,422722952.0,471103374.0,75436716.0,18417599.0,2024-09-30,-2.2606,5.0,0.0224
SUC.bk,SET,2024-12-25,Conglomerates,Industrials,9374999552.0,3784587264.0,31.25,25.254,0.13659,5.9410644,17375636000.0,8139513000.0,1918263111.0,483502964.0,2024-09-30,2.9354,5.0,0.0106
SUN.bk,SET,2024-12-25,Farm Products,Consumer Defensive,3018588416.0,3296450304.0,3.9,0.109,0.11311,8.666667,1186239097.0,352496491.0,461425353.0,385025789.0,2024-09-30,2.6753,5.0,0.2152
SUTHA.bk,SET,2024-12-25,Chemicals,Basic Materials,971213248.0,1878758144.0,2.68,0.137,0.06077,11.652174,1363618000.0,-70925000.0,146689800.0,148199106.0,2024-09-30,3.6432,5.0,0.0689
SVI.bk,SET,2024-12-25,Electronic Components,Technology,15826094080.0,18109032448.0,7.35,0.543,0.06371,12.457627,3343685000.0,4866559000.0,1471248742.0,1254884178.0,2024-09-30,1.7354,5.0,0.1645
SVR.bk,mai,2024-12-25,Real Estate - Development,Real Estate,336600000.0,1322850304.0,0.66,0.111,0.04573,7.3333335,47889592.0,894368340.0,65714487.0,65541379.0,2024-09-30,1.3844,5.0,0.1279
SVT.bk,SET,2024-12-25,Business Equipment & Supplies,Industrials,1043000000.0,921944000.0,1.49,0.162,0.02755,16.555555,1413400000.0,-91442000.0,90009143.0,60763577.0,2024-09-30,0.0988,5.0,0.0548
SWC.bk,mai,2024-12-25,Specialty Chemicals,Basic Materials,1436348160.0,1270733056.0,2.88,0.724,0.04869,13.714287,366518000.0,430284000.0,167617278.0,164205866.0,2024-09-30,0.0061,5.0,0.1617
SYMC.bk,SET,2024-12-25,Telecom Services,Communication Services,3382509056.0,4032413440.0,7.8,0.606,0.10995,16.595745,3695271000.0,-274260000.0,285007600.0,285007600.0,2024-09-30,3.438,5.0,0.0718
SYNEX.bk,SET,2024-12-25,Electronics & Computer Distribution,Technology,12456207360.0,19591794688.0,14.7,0.24,0.01566,19.6,2444933000.0,2249798000.0,947430907.0,727459139.0,2024-09-30,0.4962,5.0,0.1618
SYNTEC.bk,SET,2024-12-25,Engineering & Construction,Industrials,2497807360.0,800395648.0,1.57,2.367,0.05323,5.233333,4987719000.0,2534485000.0,592944754.0,414169604.0,2024-09-30,0.548,5.0,0.0055
TACC.bk,mai,2024-12-25,Beverages - Non-Alcoholic,Consumer Defensive,2772000000.0,2610716928.0,4.62,0.258,0.13029,11.0,254093000.0,480720000.0,308683272.0,307582024.0,2024-09-30,3.3808,5.0,0.3405
TAE.bk,SET,2024-12-25,Chemicals,Basic Materials,750000000.0,2005579008.0,0.75,0.051,-0.00328,37.5,2497717000.0,-682869000.0,88427177.0,137705760.0,2024-09-30,1.0728,5.0,0.0179
TAN.bk,SET,2024-12-25,Luxury Goods,Consumer Cyclical,2175000064.0,3137463040.0,7.25,0.408,0.10767999,12.5,1573100000.0,308493000.0,255571800.0,252822645.0,2024-09-30,2.9903,5.0,0.1107
TASCO.bk,SET,2024-12-25,Building Materials,Basic Materials,29515333632.0,31185582080.0,18.7,1.431,0.021389998,27.5,8897040000.0,7669337000.0,1620144542.0,1295749691.0,2024-09-30,-3.0823,5.0,0.1932
TBN.bk,mai,2024-12-25,Software - Application,Technology,750000000.0,260819808.0,7.5,3.895,0.14479999,13.888888,73686322.0,493830729.0,64516725.0,54810817.0,2024-09-30,-1.9425,5.0,0.7772
TC.bk,SET,2024-12-25,Packaged Foods,Consumer Defensive,2276999936.0,2838307072.0,6.9,0.659,0.04947,8.313253,939699000.0,1981711000.0,355483511.0,394358667.0,2024-09-30,0.5463,5.0,0.0876
TCJ.bk,SET,2024-12-25,Farm & Heavy Construction Machinery,Industrials,331571456.0,1009352192.0,3.14,2.465,0.0007,15.700001,1704696534.0,385018098.0,68173860.0,44360798.0,2024-09-30,-1.4319,5.0,0.0151
TCOAT.bk,SET,2024-12-25,Packaging & Containers,Consumer Cyclical,294000000.0,209046000.0,28.0,15.055,0.00635,32.183907,201890000.0,386749000.0,13093000.0,9903000.0,2024-09-30,-0.9729,5.0,0.0027
TEAM.bk,SET,2024-12-25,Electronic Components,Technology,1720070016.0,1641708672.0,2.7,0.684,0.09177,8.709678,426627000.0,980452000.0,194211764.0,199375302.0,2024-09-30,2.4743,5.0,0.1674
TEAMG.bk,SET,2024-12-25,Engineering & Construction,Industrials,2257409536.0,3160737792.0,2.76,0.273,0.07566,18.4,787290000.0,759981000.0,175632090.0,129514154.0,2024-09-30,0.5714,5.0,0.0931
TEGH.bk,SET,2024-12-25,Specialty Chemicals,Basic Materials,3909600000.0,8474121216.0,3.62,0.069,0.021259999,8.619047,3531364000.0,783053000.0,664526071.0,589059323.0,2024-09-30,0.9336,5.0,0.1694
TEKA.bk,SET,2024-12-25,Engineering & Construction,Industrials,648000000.0,224160000.0,2.16,1.678,0.058530003,5.268293,325057000.0,622908000.0,156216677.0,145099692.0,2024-09-30,0.6443,5.0,0.1987
TERA.bk,mai,2024-12-25,Electronics & Computer Distribution,Technology,288000000.0,116579000.0,1.2,0.988,0.0442,15.000001,105025000.0,218587000.0,36509053.0,32958481.0,2024-09-30,3.3944,5.0,0.1522
TFG.bk,SET,2024-12-25,Farm Products,Consumer Defensive,19873005568.0,43219881984.0,3.42,0.391,-0.00506,14.250001,25095904000.0,-1112038000.0,2294694000.0,2279211000.0,2024-09-30,-1.1662,5.0,0.1328
TFM.bk,SET,2024-12-25,Farm Products,Consumer Defensive,3800000000.0,3239798016.0,7.6,1.892,0.07655,9.620253,1424195000.0,1400140000.0,402065000.0,369577000.0,2024-09-30,-0.472,5.0,0.0871
TFMAMA.bk,SET,2024-12-25,Packaged Foods,Consumer Defensive,65611096064.0,60038635520.0,199.0,47.399,0.14837,15.110099,23514816000.0,20620772000.0,6655899023.0,5462952926.0,2024-09-30,1.0815,5.0,0.1196
THANA.bk,mai,2024-12-25,Real Estate - Development,Real Estate,318981248.0,1052982848.0,1.15,0.075,0.08902001,14.375,300629941.0,393050726.0,44988466.0,20538212.0,2024-09-30,1.7189,5.0,0.0355
THIP.bk,SET,2024-12-25,Packaging & Containers,Consumer Cyclical,2587491328.0,1526219008.0,28.75,12.118,0.092250004,8.582089,981009000.0,1768172000.0,377372360.0,341332287.0,2024-09-30,-2.8845,5.0,0.1508
TIGER.bk,mai,2024-12-25,Engineering & Construction,Industrials,299000000.0,325519616.0,0.65,0.033,-0.0049799997,32.5,251953748.0,349458282.0,15594967.0,12058436.0,2024-09-30,-3.2175,5.0,0.0534
TKC.bk,SET,2024-12-25,Engineering & Construction,Industrials,4200000000.0,5239707648.0,10.5,0.329,0.09912,15.671641,2901898291.0,1361300027.0,346659030.0,205003258.0,2024-09-30,-2.5244,5.0,0.2919
TKN.bk,SET,2024-12-25,Packaged Foods,Consumer Defensive,11246999552.0,13535281152.0,8.15,0.241,0.16947001,12.936507,1204952000.0,1102667000.0,910952040.0,932273092.0,2024-09-30,3.4309,5.0,0.1919
TKS.bk,SET,2024-12-25,Specialty Business Services,Industrials,2923733248.0,4090900992.0,5.9,0.355,0.05678,36.875,3997395000.0,-370016000.0,156129136.0,215805532.0,2024-09-30,3.6188,5.0,0.0239
TMD.bk,SET,2024-12-25,Packaging & Containers,Consumer Cyclical,3644999936.0,2666116352.0,24.3,8.027,0.18488,10.429185,1808000726.24,1739737733.4,346895977.84000003,346895977.84000003,2024-09-30,-1.8362,5.0,0.1037
TMI.bk,mai,2024-12-25,Electrical Equipment & Parts,Industrials,557296064.0,1010536128.0,0.83,0.014,0.0060900003,83.0,445506300.0,-136442590.0,22834104.0,22811173.0,2024-09-30,1.748,5.0,0.0953
TMILL.bk,mai,2024-12-25,Farm Products,Consumer Defensive,1188018688.0,1526500608.0,2.98,0.15,0.00357,74.5,663230000.0,609014000.0,39567812.0,27112001.0,2024-09-30,-3.1284,5.0,0.0999
TMT.bk,SET,2024-12-25,Steel,Basic Materials,2751595520.0,8464507392.0,3.16,0.226,7e-05,Infinity,3513606742.0,460168990.0,193141651.0,113893381.0,2024-09-30,-2.2958,5.0,0.1749
TMW.bk,mai,2024-12-25,Specialty Chemicals,Basic Materials,2413949952.0,1413987968.0,60.5,27.563,0.14138,4.218968,2098061000.0,1321683000.0,666315777.0,625909578.0,2024-09-30,3.2945,5.0,0.0826
TNH.bk,mai,2024-12-25,Medical Care Facilities,Healthcare,6615000064.0,5359051264.0,36.75,7.227,0.16003999,15.840518,1622043000.0,1665390000.0,494140055.0,494140055.0,2024-10-31,2.3018,5.0,0.1663
TNL.bk,SET,2024-12-25,Apparel Manufacturing,Consumer Cyclical,10966428672.0,12339135488.0,36.0,2.184,0.20455,30.508476,6711775000.0,4910785000.0,598730625.0,41374383.0,2024-09-30,2.0042,5.0,-0.0128
TNP.bk,mai,2024-12-25,Grocery Stores,Consumer Defensive,2608000000.0,2894701824.0,3.26,0.115,0.061139997,14.173913,924307561.31,309292310.8,228732528.14999998,228732528.14999998,2024-09-30,1.6711,5.0,0.1939
TNR.bk,SET,2024-12-25,Household & Personal Products,Consumer Defensive,2640000000.0,3049016064.0,8.8,0.185,0.2976,4.861879,1067292000.0,311061000.0,674978000.0,448014000.0,2024-09-30,2.2322,5.0,-0.0342
TOA.bk,SET,2024-12-25,Specialty Chemicals,Basic Materials,29778841600.0,27850301440.0,14.9,3.659,0.11283,14.9,6418476000.0,9024932000.0,2741445695.0,2975296740.0,2024-09-30,2.2883,5.0,0.1711
TOG.bk,SET,2024-12-25,Medical Instruments & Supplies,Healthcare,4743180288.0,5961733632.0,10.0,0.68,0.1244,12.195122,1977894000.0,866563000.0,474977845.0,501756037.0,2024-09-30,3.5566,5.0,0.1357
TOPP.bk,SET,2024-12-25,Packaging & Containers,Consumer Cyclical,1002000000.0,722488064.0,167.0,66.104,0.07237,9.130672,831287113.0,999606876.0,129338573.0,115078510.0,2024-09-30,-0.5611,5.0,0.0653
TPAC.bk,SET,2024-12-25,Packaging & Containers,Consumer Cyclical,3428775168.0,7080627200.0,10.5,0.766,0.06717,7.8358207,4993366000.0,129346000.0,766404916.0,771587018.0,2024-09-30,2.833,5.0,0.1274
TPBI.bk,SET,2024-12-25,Packaging & Containers,Consumer Cyclical,1709207936.0,2536478464.0,4.1,0.471,0.0542,4.6067414,2339523000.0,867348000.0,426630805.0,451362547.0,2024-09-30,3.199,5.0,0.0759
TPIPL.bk,SET,2024-12-25,Building Materials,Basic Materials,20260665344.0,100007919616.0,1.07,0.774,0.07253,17.833334,123250045000.0,7038472000.0,4711704000.0,4462203000.0,2024-09-30,-1.4952,5.0,0.0624
TPLAS.bk,mai,2024-12-25,Packaging & Containers,Consumer Cyclical,321300000.0,255891008.0,1.19,0.226,0.02164,29.750002,198317000.0,125364000.0,13145527.0,14331886.0,2024-09-30,-2.8728,5.0,0.1055
TPP.bk,SET,2024-12-25,Packaging & Containers,Consumer Cyclical,457500000.0,142675008.0,12.2,8.502,0.07294,15.641026,652267000.0,388531000.0,37566553.0,32585326.0,2024-09-30,2.5829,5.0,0.0172
TPRIME.bk,SET,2024-12-25,REIT - Office,Real Estate,4106250240.0,5541872128.0,7.5,1.27,0.05844,75.0,8661511000.0,247783000.0,193888365.0,506449410.0,2024-09-30,-2.7735,5.0,0.0603
TPS.bk,mai,2024-12-25,Communication Equipment,Technology,1200342016.0,1211274112.0,2.86,0.063,0.082600005,9.533333,379244428.43,406530216.68,156356104.81,146959716.87,2024-09-30,3.1607,5.0,0.1441
TRP.bk,mai,2024-12-25,Medical Care Facilities,Healthcare,3097500160.0,2647633664.0,8.85,1.354,0.25733998,20.581396,694441271.93,1008313319.69,184681572.95999998,184681572.95999998,2024-09-30,0.1308,4.0,0.341
TRT.bk,mai,2024-12-25,Electrical Equipment & Parts,Industrials,1176590592.0,2766578688.0,3.82,0.82,0.117460005,3.472727,1043430968.45,566572807.43,526603273.34999996,450742131.85,2024-09-30,2.7672,5.0,0.0589
TRU.bk,SET,2024-12-25,Auto Parts,Consumer Cyclical,2287856640.0,1225202944.0,3.4,1.485,0.08293,10.30303,2496304000.0,1371962000.0,271896365.0,59586659.0,2024-09-30,1.4849,5.0,0.0222
TRV.bk,mai,2024-12-25,Auto Parts,Consumer Cyclical,518400032.0,150607488.0,2.16,1.376,0.03299,36.000004,143862570.0,329902617.0,20727109.0,19252227.0,2024-09-30,-3.0593,5.0,0.0799
TSC.bk,SET,2024-12-25,Auto Parts,Consumer Cyclical,3896999936.0,3389477888.0,15.0,1.565,0.11467,13.157895,1071606000.0,628573000.0,299849000.0,258011000.0,2024-09-30,2.2142,5.0,0.1412
TSTE.bk,SET,2024-12-25,Farm Products,Consumer Defensive,4293262336.0,7514411008.0,11.2,0.237,0.03417,44.8,4598344000.0,288994000.0,175329937.0,184254080.0,2024-09-30,-1.679,5.0,0.0539
TTA.bk,SET,2024-12-25,Conglomerates,Industrials,9476792320.0,17287802880.0,5.2,5.306,0.065809995,20.0,24854744000.0,12694534000.0,1398436000.0,149392000.0,2024-09-30,-0.0786,5.0,0.0514
TTCL.bk,SET,2024-12-25,Engineering & Construction,Industrials,1151920000.0,3054066176.0,1.87,3.156,0.01214,5.84375,5082460000.0,827110000.0,325298926.0,84409693.0,2024-09-30,1.9771,5.0,0.0132
TTT.bk,SET,2024-12-25,Textile Manufacturing,Consumer Cyclical,3181199872.0,2219278080.0,55.0,20.275,0.04593,6.823821,3987056000.0,3882600000.0,566704737.0,385889639.0,2024-09-30,3.9644,5.0,-0.0245
TU.bk,SET,2024-12-25,Packaged Foods,Consumer Defensive,52763611136.0,109238460416.0,12.4,3.154,-0.09661999,10.420167,75011491000.0,48278909000.0,9943058000.0,8792113000.0,2024-09-30,1.0518,5.0,0.0698
TVO.bk,SET,2024-12-25,Packaged Foods,Consumer Defensive,20190992384.0,22522222592.0,22.7,0.436,0.04656,12.541437,5081850000.0,5606537000.0,2055314523.0,1869623002.0,2024-09-30,-2.1223,5.0,0.1781
TVT.bk,mai,2024-12-25,Entertainment,Communication Services,272010208.0,141349632.0,0.34,0.253,0.053049996,34.0,411803000.0,229066000.0,9844948.67,6754948.67,2024-09-30,0.008,5.0,0.0023
UBA.bk,mai,2024-12-25,Waste Management,Industrials,498000000.0,266855984.0,0.83,0.509,0.13717,6.9166665,100026032.5,555219421.64,93060041.25,86098931.78,2024-09-30,2.8671,5.0,0.1872
UBE.bk,SET,2024-12-25,Farm Products,Consumer Defensive,2622574336.0,4605577728.0,0.67,0.042,0.028350001,9.571428,4685723000.0,1335950000.0,300252002.0,269685963.0,2024-09-30,-1.771,5.0,0.0454
UKEM.bk,mai,2024-12-25,Chemicals,Basic Materials,672018048.0,1240145024.0,0.62,0.29,0.00765,Infinity,436658000.0,381732000.0,26809952.0,16688773.0,2024-09-30,-2.6022,5.0,0.0577
UMI.bk,SET,2024-12-25,Building Products & Equipment,Industrials,535363200.0,1085679616.0,0.64,0.156,0.0141199995,16.0,1431477000.0,885592000.0,100956532.0,89297582.0,2024-09-30,3.1454,5.0,-0.0186
UNIQ.bk,SET,2024-12-25,Engineering & Construction,Industrials,2789031680.0,23867271168.0,2.58,2.352,0.0161,15.17647,8024765000.0,6867181000.0,1575997822.0,1604082911.0,2024-09-30,2.1782,5.0,0.0573
UPF.bk,SET,2024-12-25,Textile Manufacturing,Consumer Cyclical,238124992.0,188208992.0,31.75,12.113,0.03944,12.549407,118000000.0,302844000.0,24368669.0,23297018.0,2024-09-30,-3.5612,5.0,0.0866
UPOIC.bk,SET,2024-12-25,Farm Products,Consumer Defensive,2009109888.0,2070120448.0,6.2,0.394,0.10087,9.8412695,1190673000.0,471458000.0,256808487.0,157024919.0,2024-09-30,-1.4033,5.0,0.1449
UREKA.bk,mai,2024-12-25,Specialty Industrial Machinery,Industrials,1873425792.0,1152456320.0,1.03,0.018,0.19539,34.333332,1634885000.0,22384000.0,69098467.0,69098467.0,2024-09-30,3.0926,5.0,-0.0379
UTP.bk,SET,2024-12-25,Paper & Paper Products,Basic Materials,5167499776.0,4509185536.0,7.95,2.874,0.20493001,7.7941175,1618381386.49,2995861369.05,773276041.19,735405167.8299999,2024-09-30,-4.077,5.0,0.259
UVAN.bk,SET,2024-12-25,Farm Products,Consumer Defensive,8647999488.0,7741259776.0,9.2,1.457,0.07948,6.3888884,2774967000.0,2498488000.0,1742644365.0,1636496415.0,2024-09-30,3.0324,5.0,0.2486
VARO.bk,SET,2024-12-25,Aluminum,Basic Materials,447561376.0,1419707136.0,4.48,0.911,-0.00533,8.0,798023000.0,158748000.0,110811184.0,72611002.0,2024-09-30,2.5879,5.0,-0.0454
VCOM.bk,mai,2024-12-25,Electronics & Computer Distribution,Technology,730671936.0,729014080.0,2.38,0.789,0.047280002,8.206897,434207000.0,252130000.0,145594953.0,138093170.0,2024-09-30,-0.4823,5.0,0.2353
VIBHA.bk,SET,2024-12-25,Medical Care Facilities,Healthcare,26564663296.0,38606127104.0,1.97,0.125,0.07186,24.625,23068504995.0,-3806221418.0,1812199006.0,1366320257.0,2024-09-30,2.2563,5.0,0.0613
VIH.bk,SET,2024-12-25,Medical Care Facilities,Healthcare,5052293120.0,5395328000.0,8.3,1.386,0.11647,14.067798,2266383000.0,1321058000.0,431475503.0,428235503.0,2024-09-30,-0.9642,5.0,0.2754
VL.bk,mai,2024-12-25,Marine Shipping,Industrials,1266484096.0,1951166592.0,1.07,0.159,0.03428,13.375001,1388158762.65,62346891.66,138534858.02,72310070.13,2024-09-30,-2.2258,5.0,0.048
VNG.bk,SET,2024-12-25,Lumber & Wood Production,Basic Materials,5483358208.0,13311457280.0,3.16,1.07,0.03655,9.575757,12218788000.0,399043000.0,1131855382.81,1029758956.89,2024-09-30,1.436,5.0,0.0509
VPO.bk,SET,2024-12-25,Packaged Foods,Consumer Defensive,517000000.0,1027485696.0,0.55,0.009,-0.08420999,13.750001,566806512.0,49389089.0,44096605.0,38181933.0,2024-09-30,-0.4965,5.0,-0.0105
WARRIX.bk,mai,2024-12-25,Leisure,Consumer Cyclical,2214940672.0,2089698432.0,3.76,0.807,0.09304,16.347826,467026380.14,1095191405.83,178230075.0,178230075.0,2024-09-30,1.6051,3.0,0.1462
WHA.bk,SET,2024-12-25,Real Estate Services,Real Estate,81460051968.0,135826112512.0,5.45,0.371,0.32358003,14.729729,75153775176.0,8798057759.0,8350008692.0,5530623607.0,2024-09-30,3.9947,5.0,0.0497
WHABT.bk,SET,2024-12-25,REIT - Office,Real Estate,1474600064.0,1800179328.0,7.3,0.884,0.69545996,9.125,2669140956.0,144787619.0,184876943.0,162354301.0,2024-09-30,2.4132,5.0,0.0589
WHAIR.bk,SET,2024-12-25,REIT - Industrial,Real Estate,6829324288.0,10034054144.0,6.45,0.403,0.53379,12.6470585,12667163700.0,206226307.0,675758111.0,763983235.0,2024-09-30,3.2138,5.0,0.0543
WHART.bk,SET,2024-12-25,REIT - Diversified,Real Estate,34514857984.0,48575205376.0,9.95,0.599,0.65779996,16.048388,52649771533.0,-1235045589.0,2743613736.0,3070312118.0,2024-09-30,2.9497,5.0,0.0526
WICE.bk,SET,2024-12-25,Integrated Freight & Logistics,Industrials,2538355968.0,3486596352.0,3.96,0.785,0.04267,17.217392,1092877000.0,943882000.0,231100177.0,216648431.0,2024-09-30,-1.3635,5.0,0.2906
WIIK.bk,SET,2024-12-25,Building Products & Equipment,Industrials,946581824.0,1067909056.0,1.13,0.146,0.03019,28.25,1590566000.0,788179000.0,50454771.0,48698864.0,2024-09-30,-3.7567,5.0,0.0563
WIN.bk,SET,2024-12-25,Real Estate Services,Real Estate,235680480.0,409237760.0,0.42,0.014,0.079629995,42.0,738617853.0,-100552026.0,18502491.0,16449985.0,2024-09-30,3.593,5.0,-0.0296
WINDOW.bk,SET,2024-12-25,Building Materials,Basic Materials,719280000.0,635067392.0,0.81,0.219,0.01588,81.0,511729309.0,411860230.0,23862907.0,44935691.0,2024-09-30,-2.9338,4.0,0.1336
WINMED.bk,mai,2024-12-25,Medical Distribution,Healthcare,720000000.0,1064338304.0,1.8,0.059,0.040939998,25.714285,444738498.03,248876104.0,44808713.45999999,23722797.11,2024-09-30,-3.6666,5.0,0.1245
WINNER.bk,mai,2024-12-25,Packaged Foods,Consumer Defensive,1223948928.0,1504137856.0,2.04,0.067,0.044359997,13.599999,367393000.0,258633000.0,135680300.0,139452171.0,2024-09-30,2.3005,5.0,0.2125
WPH.bk,SET,2024-12-25,Medical Care Facilities,Healthcare,6092460032.0,7584763392.0,9.05,0.122,0.1188,23.20513,2345700000.0,80583000.0,360059569.0,360059569.0,2024-09-30,2.7262,5.0,0.0805
XO.bk,mai,2024-12-25,Packaged Foods,Consumer Defensive,9678766080.0,7904598016.0,22.6,1.939,0.33597,10.761906,1069528000.0,506591000.0,936789891.0,951018891.0,2024-09-30,3.1035,5.0,0.3578
YONG.bk,mai,2024-12-25,Building Materials,Basic Materials,734400000.0,1302733056.0,1.08,0.065,0.11048,7.714286,907271000.0,93787000.0,123357234.0,121007369.0,2024-09-30,3.0602,5.0,0.1293
YUASA.bk,mai,2024-12-25,Auto Parts,Consumer Cyclical,1070868736.0,741401024.0,9.95,3.881,0.063990004,6.633333,519266067.0,786087318.0,188968059.0,176448657.0,2024-09-30,0.0819,5.0,0.1346
ZEN.bk,SET,2024-12-25,Restaurants,Consumer Cyclical,2117113472.0,3240180480.0,7.1,0.384,0.022920001,27.307693,2394571000.0,-151192000.0,164989000.0,164989000.0,2024-09-30,2.4427,5.0,0.0429
ZIGA.bk,mai,2024-12-25,Steel,Basic Materials,1223964416.0,1243446016.0,1.66,0.099,0.05197,33.199997,713854328.0,114854954.0,55142735.0,42329602.0,2024-09-30,-1.5589,5.0,0.0494
