ticker,date_pulling,industry,sector,marketCap,enterpriseValue,currentPrice,totalCashPerShare,profitMargins,trailingPE,Total Non Current Assets,Working Capital,EBIT,Operating Income,ttm_latest,beta_earnings,numofyear,avg_MF_ROC
AAPL,2024-09-27,Consumer Electronics,Technology,3461669453824,3498748149760.0,227.68,4.065,0.26441,34.707317,206177000000.0,-6189000000.0,121625000000.0,120594000000.0,2024-06-30,3.0217,5.0,0.4847
MSFT,2024-09-27,Software—Infrastructure,Technology,3181115080704,3228264824832.0,427.9696,10.162,0.35956,36.207245,352429000000.0,34448000000.0,110722000000.0,109433000000.0,2024-06-30,3.5139,5.0,0.2912
NVDA,2024-09-27,Semiconductors,Technology,2953414443008,3017916284928.0,120.4001,1.419,0.55041003,56.525867,25594000000.0,45664000000.0,61372000000.0,59582000000.0,2024-07-31,3.256,5.0,0.2984
GOOGL,2024-09-27,Internet Content & Information,Communication Services,2026652958720,1931200299008.0,164.14,8.182,0.26702,23.549498,252775000000.0,84082000000.0,101821000000.0,97937000000.0,2024-06-30,3.8211,5.0,0.2349
GOOG,2024-09-27,Internet Content & Information,Communication Services,2029360119808,1944741347328.0,165.45,8.182,0.26702,23.771551,252775000000.0,84082000000.0,101821000000.0,97937000000.0,2024-06-30,3.8211,5.0,0.2349
AMZN,2024-09-27,Internet Retail,Consumer Cyclical,1967085322240,2075082620928.0,187.42,8.489,0.0735,44.73031,381511000000.0,15135000000.0,56855000000.0,54376000000.0,2024-06-30,3.0568,5.0,0.0871
META,2024-09-27,Internet Content & Information,Communication Services,1433092358144,1416442150912.0,566.48,22.958,0.34339002,29.00563,153807000000.0,49427000000.0,60646000000.0,58797000000.0,2024-06-30,2.6814,5.0,0.242
LLY,2024-09-27,Drug Manufacturers—General,Healthcare,793581453312,844510199808.0,881.34,3.738,0.18863001,108.9419,41670500000.0,3083100000.0,9615300000.0,14119600000.0,2024-06-30,3.7414,5.0,0.2511
AVGO,2024-09-27,Semiconductors,Technology,807959461888,102573989888.0,172.9891,27.019,0.108830005,140.64154,148019000000.0,726000000.0,13562000000.0,14304000000.0,2024-07-31,3.3817,5.0,0.1632
TSLA,2024-09-27,Auto Manufacturers,Consumer Cyclical,826927087616,794731479040.0,258.8483,9.616,0.12996,72.7102,59855000000.0,25248000000.0,7937000000.0,7226000000.0,2024-06-30,2.0781,5.0,0.1421
WMT,2024-09-27,Discount Stores,Consumer Defensive,641170997248,703101009920.0,79.765,1.096,0.02339,41.54427,177930000000.0,-18750000000.0,24451000000.0,28237000000.0,2024-07-31,2.304,5.0,0.1525
UNH,2024-09-27,Healthcare Plans,Healthcare,538490273792,584439955456.0,583.149,33.921,0.03659,38.568054,194018000000.0,-12632000000.0,23710000000.0,27837000000.0,2024-06-30,3.0966,5.0,0.1649
PG,2024-09-27,Household & Personal Products,Consumer Defensive,408544083968,433058185216.0,173.87,4.028,0.17705,28.83416,97660000000.0,-8918000000.0,19686000000.0,19886000000.0,2024-06-30,2.7534,5.0,0.2144
COST,2024-09-27,Discount Stores,Consumer Defensive,390762102784,396579504128.0,881.415,25.149,0.02895,53.12929,34623000000.0,-2073000000.0,9766000000.0,9024000000.0,2024-05-31,4.0321,5.0,0.2183
JNJ,2024-09-27,Drug Manufacturers—General,Healthcare,391706083328,404521058304.0,162.72,10.583,0.43912998,24.580061,123271000000.0,3884000000.0,20273000000.0,23735000000.0,2024-06-30,3.709,5.0,0.166
ORCL,2024-09-27,Software—Infrastructure,Technology,465164009472,539856732160.0,167.865,3.938,0.20396,43.264175,121142000000.0,-8973000000.0,16020000000.0,16703000000.0,2024-08-31,1.2565,5.0,0.1486
HD,2024-09-27,Home Improvement Retail,Consumer Cyclical,397843628032,457834496000.0,400.53,1.624,0.09713,26.91734,64573000000.0,4150000000.0,21407000000.0,21162000000.0,2024-07-31,1.3219,5.0,0.4419
ABBV,2024-09-27,Drug Manufacturers—General,Healthcare,344277319680,396785352704.0,194.91,7.449,0.09707,65.187294,108121000000.0,-8099000000.0,9571000000.0,13721000000.0,2024-06-30,-0.5862,5.0,0.1469
KO,2024-09-27,Beverages—Non-Alcoholic,Consumer Defensive,309836546048,335345582080.0,71.89,4.408,0.22916001,29.223576,69603000000.0,2336000000.0,14500000000.0,12230000000.0,2024-06-30,3.5787,5.0,0.1559
NFLX,2024-09-27,Entertainment,Communication Services,301078544384,315188871168.0,701.545,15.509,0.19543,43.819176,39483342000.0,-524446000.0,8926481000.0,8647874000.0,2024-06-30,3.8879,5.0,0.1576
MRK,2024-09-27,Drug Manufacturers—General,Healthcare,287878381568,313161580544.0,113.57,4.479,0.21985,21.070501,74425000000.0,12145000000.0,16490000000.0,16047000000.0,2024-06-30,0.9281,5.0,0.1249
CRM,2024-09-27,Software—Application,Technology,263444922368,263178567680.0,275.57,13.218,0.15445,48.008713,70318000000.0,861000000.0,6950000000.0,6950000000.0,2024-07-31,3.1306,5.0,0.0311
ADBE,2024-09-27,Software—Infrastructure,Technology,225672921088,225433272320.0,512.66,17.072,0.25588,43.40897,19114000000.0,1072000000.0,6895000000.0,7527000000.0,2024-08-31,4.148,5.0,0.2852
AMD,2024-09-27,Semiconductors,Technology,266304684032,267984519168.0,164.54,3.299,0.05817,195.88095,50421000000.0,11270000000.0,1087000000.0,871000000.0,2024-06-30,-2.1904,5.0,0.1706
PEP,2024-09-27,Beverages—Non-Alcoholic,Consumer Defensive,234276110336,271474507776.0,170.56,4.854,0.10341,24.754717,73830000000.0,-5445000000.0,12706000000.0,13390000000.0,2024-06-30,3.7691,5.0,0.1689
TMO,2024-09-27,Diagnostics & Research,Healthcare,236096815104,263288307712.0,618.061,23.097,0.14689,38.388878,73021000000.0,10704000000.0,8325000000.0,7470000000.0,2024-06-30,-1.9602,5.0,0.113
TMUS,2024-09-27,Telecom Services,Communication Services,238536507392,345799852032.0,204.44,5.5,0.119540006,25.586985,189260000000.0,-3741000000.0,15769000000.0,15704000000.0,2024-06-30,3.0317,5.0,0.0492
LIN,2024-09-27,Specialty Chemicals,Basic Materials,229664620544,248267522048.0,480.97,9.688,0.19492,36.57567,67372000000.0,-661000000.0,8745000000.0,8571000000.0,2024-06-30,3.7222,5.0,0.0915
ACN,2024-09-27,Information Technology Services,Technology,220514762752,222727340032.0,352.26,8.003,0.111940004,30.73822,33065901000.0,2867665000.0,9379426000.0,9155099000.0,2024-05-31,3.1941,5.0,0.2811
MCD,2024-09-27,Restaurants,Consumer Cyclical,219397554176,269086277632.0,305.8475,1.104,0.3225,26.781742,49596000000.0,295000000.0,11848400000.0,11761300000.0,2024-06-30,3.595,5.0,0.2034
CSCO,2024-09-27,Communication Equipment,Technology,211369017344,224549339136.0,52.965,4.662,0.19181,20.852362,87551000000.0,-3722000000.0,13240000000.0,12970000000.0,2024-07-31,-1.4379,5.0,0.1931
DHR,2024-09-27,Diagnostics & Research,Healthcare,199896268800,215843471360.0,276.783,3.287,0.17834,50.972927,68946000000.0,2908000000.0,4489000000.0,4536000000.0,2024-06-30,-0.2201,5.0,0.0788
ABT,2024-09-27,Medical Devices,Healthcare,196142415872,204006670336.0,112.732,4.149,0.13645001,35.562145,49898000000.0,9359000000.0,7115000000.0,6482000000.0,2024-06-30,0.1305,5.0,0.1187
QCOM,2024-09-27,Semiconductors,Technology,190237786112,193865236480.0,170.77,11.698,0.23326,21.837597,29409000000.0,13585000000.0,9850000000.0,8689000000.0,2024-06-30,0.5053,5.0,0.2954
GE,2024-09-27,Aerospace & Defense,Industrials,201323839488,206079967232.0,185.67,13.967,0.06836,50.31707,85838000000.0,4599000000.0,6730000000.0,4942000000.0,2024-06-30,3.0863,5.0,0.0108
PM,2024-09-27,Tobacco,Consumer Defensive,188177448960,234088759296.0,121.03,3.092,0.24154,21.383392,44754000000.0,-1388000000.0,13167000000.0,13367000000.0,2024-06-30,2.7371,5.0,0.4279
TXN,2024-09-27,Semiconductors,Technology,191748784128,195267002368.0,210.01,10.611,0.33009997,36.333908,18259000000.0,13152000000.0,6453000000.0,5835000000.0,2024-06-30,-0.7028,5.0,0.3641
IBM,2024-09-27,Information Technology Services,Technology,204692914176,252037136384.0,222.215,14.863,0.13518,24.554142,100548000000.0,3651000000.0,10601000000.0,9639000000.0,2024-06-30,3.7171,5.0,0.072
AMGN,2024-09-27,Drug Manufacturers—General,Healthcare,175583002624,224805748736.0,326.77,17.31,0.10118,56.242683,63701000000.0,5689000000.0,6737000000.0,6192000000.0,2024-06-30,-3.1758,5.0,0.1647
AMAT,2024-09-27,Semiconductor Equipment & Materials,Technology,169072885760,170371334144.0,205.085,11.042,0.27743,23.017397,12976000000.0,13443000000.0,8668000000.0,7792000000.0,2024-07-31,2.8972,5.0,0.3359
VZ,2024-09-27,Telecom Services,Communication Services,189386309632,365038796800.0,44.99,0.591,0.08382,16.913534,341090000000.0,-22750000000.0,22849000000.0,29253000000.0,2024-06-30,-1.0693,5.0,0.0965
NOW,2024-09-27,Software—Application,Technology,180431585280,178996625408.0,876.49,26.295,0.11512,159.6521,10186000000.0,849000000.0,1429000000.0,1073000000.0,2024-06-30,3.4952,5.0,0.0522
ISRG,2024-09-27,Medical Instruments & Supplies,Healthcare,170847092736,168150401024.0,480.78,13.387,0.27649,82.32534,8995600000.0,6166800000.0,1952700000.0,1952700000.0,2024-06-30,3.1713,5.0,0.1286
CAT,2024-09-27,Farm & Heavy Construction Machinery,Industrials,190405771264,223411765248.0,392.6718,7.179,0.16584998,17.905691,40240000000.0,9532000000.0,14331000000.0,13584000000.0,2024-06-30,3.6112,5.0,0.1594
DIS,2024-09-27,Entertainment,Communication Services,175301623808,219194195968.0,96.66,3.279,0.053049996,37.034485,172279000000.0,-10119000000.0,9667000000.0,11252000000.0,2024-06-30,3.5358,5.0,0.0333
RTX,2024-09-27,Aerospace & Defense,Industrials,160293912576,199493173248.0,120.5,4.513,0.031240001,70.058136,111944000000.0,-340000000.0,4542000000.0,5320000000.0,2024-06-30,1.6316,5.0,0.0436
CMCSA,2024-09-27,Telecom Services,Communication Services,162083487744,251634024448.0,41.855,1.566,0.1246,11.131649,239103000000.0,-11890000000.0,23896000000.0,23401000000.0,2024-06-30,3.4257,5.0,0.0896
UBER,2024-09-27,Software—Application,Technology,159419318272,167558873088.0,75.88,2.995,0.0502,82.47826,29031000000.0,2165000000.0,3035000000.0,2014000000.0,2024-06-30,3.5693,5.0,-0.0885
UNP,2024-09-27,Railroads,Industrials,149615984640,180215136256.0,245.595,1.899,0.26904,23.10395,63319000000.0,211000000.0,9765000000.0,9371000000.0,2024-06-30,2.4455,5.0,0.152
T,2024-09-27,Telecom Services,Communication Services,157028974592,317699784704.0,21.9001,0.44,0.10414,12.586265,368158000000.0,-12561000000.0,24687000000.0,24492000000.0,2024-06-30,-1.7453,5.0,0.0622
LOW,2024-09-27,Home Improvement Retail,Consumer Cyclical,151643357184,186615005184.0,267.31,7.686,0.08248,22.073494,22597000000.0,4091000000.0,10607000000.0,10484000000.0,2024-07-31,0.6815,5.0,0.4223
LMT,2024-09-27,Aerospace & Defense,Industrials,138257170432,154361905152.0,580.04,10.585,0.09478,21.061728,32109000000.0,4474000000.0,8888000000.0,8543000000.0,2024-06-30,-1.8353,5.0,0.2369
REGN,2024-09-27,Biotechnology,Healthcare,116720123904,105142190080.0,1058.83,90.879,0.32037997,28.048475,17005200000.0,15573000000.0,4654200000.0,4065900000.0,2024-06-30,-1.0623,5.0,0.25
HON,2024-09-27,Conglomerates,Industrials,135859191808,154294435840.0,209.12,15.095,0.15493,23.817768,43960000000.0,4325000000.0,8196000000.0,7839000000.0,2024-06-30,3.4027,5.0,0.1639
SYK,2024-09-27,Medical Devices,Healthcare,138029170688,148488585216.0,362.21,5.135,0.1612,40.42522,27485000000.0,4719000000.0,4226000000.0,4226000000.0,2024-06-30,3.7369,5.0,0.0968
TJX,2024-09-27,Apparel Retail,Consumer Cyclical,132502167552,140580225024.0,117.48,4.655,0.08563,28.44552,17665000000.0,2269000000.0,6367000000.0,6099000000.0,2024-07-31,3.3731,5.0,0.2158
NKE,2024-09-27,Footwear & Accessories,Consumer Cyclical,134972383232,134428696576.0,90.02,7.725,0.11098,24.134047,12728000000.0,14789000000.0,6311000000.0,6311000000.0,2024-05-31,-2.7047,5.0,0.2278
BKNG,2024-09-27,Travel Services,Consumer Cyclical,142085455872,144123609088.0,4238.27,487.019,0.22456,29.725557,7248000000.0,3087000000.0,7364000000.0,6357000000.0,2024-06-30,3.5747,5.0,0.2517
ETN,2024-09-27,Specialty Industrial Machinery,Industrials,130644484096,140322258944.0,328.17,6.986,0.1512,36.10231,26730000000.0,4532000000.0,4482000000.0,4335000000.0,2024-06-30,3.8651,5.0,0.0983
BSX,2024-09-27,Medical Devices,Healthcare,122655358976,130606776320.0,83.29,1.978,0.119969994,67.71545,28117000000.0,3415000000.0,2420000000.0,2718000000.0,2024-06-30,3.8977,5.0,0.0604
PLD,2024-09-27,REIT—Industrial,Real Estate,117044412416,150509633536.0,126.41,0.648,0.34867,41.719475,92423176000.0,-1023030000.0,3926975000.0,2706686000.0,2024-06-30,3.3954,5.0,0.029
LRCX,2024-09-27,Semiconductor Equipment & Materials,Technology,106401554432,109493100544.0,820.93,45.026,0.2568,28.327467,5861508000.0,8544782000.0,4545458000.0,4282100000.0,2024-06-30,-1.4662,5.0,0.3608
ANET,2024-09-27,Computer Hardware,Technology,118800097280,115144900608.0,378.16,19.971,0.39008,48.921085,1780917000.0,7680439000.0,2602323000.0,2602323000.0,2024-06-30,3.6092,5.0,0.2339
UPS,2024-09-27,Integrated Freight & Logistics,Industrials,115826475008,134147522560.0,135.22,7.626,0.0587,22.058727,50595000000.0,3738000000.0,7549000000.0,7377000000.0,2024-06-30,-0.8042,5.0,0.2089
ADI,2024-09-27,Semiconductors,Technology,115409797120,120987492352.0,232.45,5.127,0.17068,70.01506,43175438000.0,2216307000.0,2143811000.0,2246255000.0,2024-07-31,1.853,5.0,0.0687
KLAC,2024-09-27,Semiconductor Equipment & Materials,Technology,104590368768,110467301376.0,780.665,33.506,0.28147,38.513317,5402422000.0,5370370000.0,3501285000.0,3635684000.0,2024-06-30,2.5836,5.0,0.3511
MDT,2024-09-27,Medical Devices,Healthcare,114997911552,134953771008.0,89.66,6.115,0.12055001,30.188553,67799000000.0,11660000000.0,5645000000.0,5565000000.0,2024-07-31,1.5151,5.0,0.0685
PANW,2024-09-27,Software—Infrastructure,Technology,109287636992,109121986560.0,335.65,7.92,0.3211,46.105766,13141200000.0,-833000000.0,991000000.0,683900000.0,2024-07-31,3.1449,5.0,0.0014
ADP,2024-09-27,Software—Application,Technology,111705579520,112796434432.0,273.905,7.144,0.19539,30.066412,8820200000.0,462500000.0,5233600000.0,4963900000.0,2024-06-30,3.4591,5.0,0.4731
SBUX,2024-09-27,Restaurants,Consumer Cyclical,110928945152,132396900352.0,97.89,2.993,0.11161,27.420168,23303900000.0,-841600000.0,5934100000.0,5490800000.0,2024-06-30,3.2597,5.0,0.1946
DE,2024-09-27,Farm & Heavy Construction Machinery,Industrials,114200641536,173542113280.0,417.4,21.206,0.14698,14.226312,27127000000.0,41351000000.0,14020000000.0,13006000000.0,2024-07-31,3.6452,5.0,0.1528
AMT,2024-09-27,REIT—Specialty,Real Estate,108685312000,159720423424.0,232.69,5.335,0.21954,43.656662,61723700000.0,-2774600000.0,4179500000.0,4648100000.0,2024-06-30,3.2265,5.0,0.0606
HCA,2024-09-27,Medical Care Facilities,Healthcare,104310931456,149020557312.0,404.19,3.557,0.083950005,18.99389,42206000000.0,872000000.0,10451000000.0,10184000000.0,2024-06-30,3.2876,5.0,0.2141
FI,2024-09-27,Information Technology Services,Technology,102784180224,127181651968.0,178.53,2.076,0.17447,31.048695,55090000000.0,2126000000.0,5486000000.0,5387000000.0,2024-06-30,3.7237,5.0,0.0529
MDLZ,2024-09-27,Confectioners,Consumer Defensive,99864412160,118151487488.0,74.76,1.047,0.10971,25.690722,57926000000.0,-7260000000.0,6530000000.0,6254000000.0,2024-06-30,2.9627,5.0,0.0868
GILD,2024-09-27,Drug Manufacturers—General,Healthcare,104877948928,122869145600.0,84.24,3.037,0.03791,102.731705,41262000000.0,1537000000.0,2513000000.0,7211000000.0,2024-06-30,-2.8438,5.0,0.1879
SHW,2024-09-27,Specialty Chemicals,Basic Materials,96409223168,108465930240.0,382.185,0.797,0.10922,38.87945,17683400000.0,-1416000000.0,3706700000.0,3763100000.0,2024-06-30,3.2329,5.0,0.1901
INTC,2024-09-27,Semiconductors,Technology,101783764992,131242917888.0,23.8035,6.846,0.017690001,99.18125,155376000000.0,18802000000.0,1036000000.0,509000000.0,2024-06-30,-2.7968,5.0,0.0896
MO,2024-09-27,Tobacco,Consumer Defensive,87364100096,110445002752.0,51.2033,1.054,0.50052,8.828155,30847000000.0,-4242000000.0,14676000000.0,11409000000.0,2024-06-30,1.9251,5.0,0.3754
SNPS,2024-09-27,Software—Infrastructure,Technology,78765580288,77888167936.0,512.75,12.982,0.23111999,52.91538,6520931000.0,2592803000.0,1627989000.0,1481042000.0,2024-07-31,3.5523,5.0,0.1481
CL,2024-09-27,Household & Personal Products,Consumer Defensive,84392828928,91908997120.0,103.285,1.634,0.14208001,30.112246,10834000000.0,296000000.0,3935000000.0,4341000000.0,2024-06-30,2.7828,5.0,0.3378
ZTS,2024-09-27,Drug Manufacturers—Specialty & Generic,Healthcare,88431026176,93480042496.0,195.19,3.474,0.26293,38.19765,7963000000.0,4405000000.0,3129000000.0,3214000000.0,2024-06-30,3.8727,5.0,0.2316
WM,2024-09-27,Waste Management,Industrials,82526420992,98192990208.0,205.64,2.367,0.12128,32.74522,29560000000.0,303000000.0,3800000000.0,4134000000.0,2024-06-30,3.9349,5.0,0.1188
GD,2024-09-27,Aerospace & Defense,Industrials,82865340416,92192374784.0,301.572,4.965,0.07887,23.505222,31130000000.0,6055000000.0,4675000000.0,4537000000.0,2024-06-30,3.4287,5.0,0.1148
APH,2024-09-27,Electronic Components,Technology,78128316416,83353460736.0,64.875,1.081,0.15694,38.616074,11615000000.0,3516000000.0,2788400000.0,2826700000.0,2024-06-30,3.7434,5.0,0.1856
EQIX,2024-09-27,REIT—Specialty,Real Estate,83829039104,99461750784.0,882.9221,20.991,0.12902,80.92779,29125000000.0,661000000.0,1609615000.0,1514904000.0,2024-06-30,3.2336,5.0,0.0449
CTAS,2024-09-27,Specialty Business Services,Industrials,81869438976,86215188480.0,203.02,0.251,0.16795,51.39747,5983610000.0,1356688000.0,2074375000.0,2068633000.0,2024-05-31,3.5075,5.0,0.2461
TT,2024-09-27,Building Products & Equipment,Industrials,86748676096,91200045056.0,384.405,5.875,0.12332,37.649853,12485200000.0,1121600000.0,3165300000.0,3214400000.0,2024-06-30,3.955,5.0,0.1688
CDNS,2024-09-27,Software—Application,Technology,74353082368,150299295744.0,271.54,2.244,0.25361001,70.16538,5029353000.0,662666000.0,1327413000.0,1184557000.0,2024-06-30,3.3943,5.0,0.2571
PH,2024-09-27,Specialty Industrial Machinery,Industrials,81641111552,92090728448.0,634.5,3.282,0.14271,29.025618,22499218000.0,-514685000.0,4101098000.0,3867613000.0,2024-06-30,3.5417,5.0,0.148
NOC,2024-09-27,Aerospace & Defense,Industrials,76980436992,91571855360.0,526.38,22.373,0.05608,34.15834,33403000000.0,1359000000.0,3207000000.0,3119000000.0,2024-06-30,-3.351,5.0,0.1032
ABNB,2024-09-27,Travel Services,Consumer Cyclical,81323270144,72763736064.0,128.59,17.79,0.46111,17.495237,4068000000.0,6424000000.0,1971000000.0,1598000000.0,2024-06-30,2.9952,5.0,-0.0481
CVS,2024-09-27,Healthcare Plans,Healthcare,77604790272,141974355968.0,61.69,12.927,0.01987,10.976869,182529000000.0,-11434000000.0,12472000000.0,12390000000.0,2024-06-30,-1.6518,5.0,0.0905
CMG,2024-09-27,Restaurants,Consumer Cyclical,78080761856,82287026176.0,57.0149,1.088,0.13225001,55.89696,7133537000.0,743142000.0,1850153000.0,1850153000.0,2024-06-30,3.9053,5.0,0.1615
ITW,2024-09-27,Specialty Industrial Machinery,Industrials,78852186112,85399797760.0,265.585,2.903,0.19152,26.063297,9321000000.0,1452000000.0,4300000000.0,4239000000.0,2024-06-30,3.9282,5.0,0.3039
TDG,2024-09-27,Aerospace & Defense,Industrials,78429429760,97158963200.0,1397.745,60.968,0.21837999,51.69175,14767000000.0,5210000000.0,3393000000.0,3479000000.0,2024-06-30,3.5031,5.0,0.1234
MCK,2024-09-27,Medical Distribution,Healthcare,63129358336,67630948352.0,486.82,17.752,0.009430001,21.76218,19418000000.0,-4182000000.0,4062000000.0,4170000000.0,2024-06-30,2.5525,5.0,0.232
WELL,2024-09-27,REIT—Healthcare Facilities,Real Estate,77383122944,89360703488.0,127.035,4.558,0.08283,117.625,39357256000.0,4660760000.0,982879000.0,1048229000.0,2024-06-30,3.256,5.0,0.022
MSI,2024-09-27,Communication Equipment,Technology,74392731648,80250118144.0,445.89,8.277,0.14049,52.08995,7774000000.0,927000000.0,2076000000.0,2724000000.0,2024-06-30,3.7684,5.0,0.2446
MMM,2024-09-27,Conglomerates,Industrials,75717459968,80126869504.0,137.83,18.818,0.02891,53.630352,23862000000.0,5170000000.0,2175000000.0,608000000.0,2024-06-30,-2.6408,5.0,0.0595
ECL,2024-09-27,Specialty Chemicals,Basic Materials,72349474816,78772158464.0,254.27,4.903,0.109519996,42.66275,15709500000.0,1904700000.0,2454100000.0,2437100000.0,2024-06-30,3.5672,5.0,0.1047
BDX,2024-09-27,Medical Instruments & Supplies,Healthcare,70143262720,82594095104.0,242.675,18.371,0.07126,48.72992,43376000000.0,5602000000.0,2159000000.0,2547000000.0,2024-06-30,2.792,5.0,0.046
TGT,2024-09-27,Discount Stores,Consumer Defensive,71356260352,87521034240.0,154.895,7.591,0.04182,15.985037,38077000000.0,-2066000000.0,6215000000.0,6113000000.0,2024-07-31,-1.5526,5.0,0.1903
ORLY,2024-09-27,Specialty Retail,Consumer Cyclical,66471628800,74831011840.0,1145.95,2.5,0.14569001,28.814432,8713694000.0,-2443720000.0,3249632000.0,3231737000.0,2024-06-30,3.6845,5.0,0.4813
NXPI,2024-09-27,Semiconductors,Technology,62501285888,68954505216.0,245.36,12.794,0.21214001,22.973782,16316000000.0,3768000000.0,3773000000.0,3673000000.0,2024-06-30,3.1077,5.0,0.1322
CSX,2024-09-27,Railroads,Industrials,67477843968,83618275328.0,34.805,0.641,0.246,19.019125,39182000000.0,441000000.0,5553000000.0,5423000000.0,2024-06-30,2.8883,5.0,0.1355
CRWD,2024-09-27,Software—Infrastructure,Technology,69392719872,65789296640.0,283.09,16.475,0.0484,404.41428,2020826000.0,2453329000.0,242342000.0,53428000.0,2024-07-31,2.6368,5.0,-0.0449
RSG,2024-09-27,Waste Management,Industrials,62735081472,75767586816.0,199.75,1.562,0.12109,33.5151,29274400000.0,-1873900000.0,2866700000.0,3014100000.0,2024-06-30,3.7275,5.0,0.0954
FCX,2024-09-27,Copper,Basic Materials,74091683840,90022207488.0,51.565,3.67,0.078260005,38.770676,39913000000.0,8586000000.0,7274000000.0,6897000000.0,2024-06-30,2.1079,5.0,0.1345
MAR,2024-09-27,Lodging,Consumer Cyclical,71157751808,84199571456.0,252.76,1.24,0.45386,25.326654,22240000000.0,-4783000000.0,3972000000.0,3925000000.0,2024-06-30,3.3281,5.0,0.1321
APD,2024-09-27,Specialty Chemicals,Basic Materials,66903175168,80446300160.0,300.94,11.012,0.21239,26.168695,31296900000.0,1202900000.0,3376200000.0,2837300000.0,2024-06-30,3.3243,5.0,0.0979
CARR,2024-09-27,Building Products & Equipment,Industrials,73140961280,83236552704.0,81.02,3.233,0.14272,21.54787,28851000000.0,898000000.0,5574000000.0,2341000000.0,2024-06-30,2.4467,5.0,0.1089
EMR,2024-09-27,Specialty Industrial Machinery,Industrials,62837063680,76647800832.0,109.855,4.017,0.101160005,37.113174,36765000000.0,1228000000.0,2434000000.0,2649000000.0,2024-06-30,0.9046,5.0,0.1066
ROP,2024-09-27,Software—Application,Technology,59578527744,66399662080.0,555.775,2.346,0.22136,41.568813,28357300000.0,-1317600000.0,2041700000.0,1884400000.0,2024-06-30,3.9495,5.0,0.0619
SPG,2024-09-27,REIT—Retail,Real Estate,62969769984,79517229056.0,167.97,3.786,0.44015,21.343075,30049431000.0,-30507000.0,3977346000.0,2975654000.0,2024-06-30,4.0086,5.0,0.0804
DHI,2024-09-27,Residential Construction,Consumer Cyclical,62479630336,64869199872.0,191.75,8.24,0.13357,12.912457,1343900000.0,31712300000.0,6279000000.0,6279000000.0,2024-06-30,2.9457,5.0,0.2179
FTNT,2024-09-27,Software—Infrastructure,Technology,59012657152,56795447296.0,77.15,4.366,0.23709999,45.650887,3133600000.0,1194000000.0,1578000000.0,1444800000.0,2024-06-30,3.7807,5.0,0.2642
PSA,2024-09-27,REIT—Industrial,Real Estate,62306406400,75698724864.0,356.0,3.098,0.44637,33.395874,19246499000.0,-42331000.0,2373787000.0,2256429000.0,2024-06-30,3.3427,5.0,0.1181
AZO,2024-09-27,Specialty Retail,Consumer Cyclical,53946376192,64353873920.0,3187.19,19.669,0.14604001,61.695507,9818980000.0,-1903135000.0,3726577000.0,3714523000.0,2024-05-31,3.9875,5.0,0.4157
NSC,2024-09-27,Railroads,Industrials,56083111936,72711405568.0,248.05,2.915,0.14845,31.43853,40254000000.0,-1363000000.0,3021000000.0,4160000000.0,2024-06-30,0.7055,5.0,0.1202
HLT,2024-09-27,Lodging,Consumer Cyclical,57816702976,67660337152.0,234.62,2.966,0.26179,49.602535,13048000000.0,-1537000000.0,2287000000.0,2342000000.0,2024-06-30,3.3758,5.0,0.11
O,2024-09-27,REIT—Retail,Real Estate,54864683008,80375775232.0,63.0,0.508,0.17879999,58.333332,64323807000.0,1255484000.0,1803437000.0,2055733000.0,2024-06-30,3.7649,5.0,0.0303
GM,2024-09-27,Auto Manufacturers,Consumer Cyclical,52661272576,160050872320.0,46.855,20.846,0.0622,5.264607,170891000000.0,16701000000.0,12834000000.0,11539000000.0,2024-06-30,3.6703,5.0,0.0523
CHTR,2024-09-27,Telecom Services,Communication Services,47018881024,146048385024.0,329.4,4.217,0.08507,10.5172415,144478000000.0,-6593000000.0,12285000000.0,12823000000.0,2024-06-30,3.5108,5.0,0.0831
DLR,2024-09-27,REIT—Specialty,Real Estate,54072242176,71119945728.0,161.955,7.108,0.20992,46.53879,40102418000.0,-734205000.0,1652387000.0,750791000.0,2024-06-30,1.5235,5.0,0.0196
PCAR,2024-09-27,Farm & Heavy Construction Machinery,Industrials,51987095552,57933537280.0,99.17,14.886,0.14066,10.516437,8851100000.0,20693600000.0,5772900000.0,5772900000.0,2024-06-30,3.3573,5.0,0.1376
CPRT,2024-09-27,Specialty Business Services,Industrials,49924116480,46877773824.0,51.8801,3.555,0.32171002,37.057217,3861503000.0,3585710000.0,1603096000.0,1603096000.0,2024-04-30,3.8645,5.0,0.2646
ROST,2024-09-27,Apparel Retail,Consumer Cyclical,50411233280,51895939072.0,151.95,14.071,0.09824,24.508064,7083038000.0,2720743000.0,2799489000.0,2544511000.0,2024-07-31,2.9825,5.0,0.1752
KDP,2024-09-27,Beverages—Non-Alcoholic,Consumer Defensive,50968641536,67204923392.0,37.585,0.323,0.14474,24.092949,48525000000.0,-3690000000.0,3512000000.0,3467000000.0,2024-06-30,3.811,5.0,0.0659
KMB,2024-09-27,Household & Personal Products,Consumer Defensive,48178126848,54858854400.0,143.045,3.453,0.112770006,21.19185,11331000000.0,-1062000000.0,2953000000.0,2952000000.0,2024-06-30,-0.3327,5.0,0.266
CCI,2024-09-27,REIT—Specialty,Real Estate,50966020096,79105638400.0,117.28,0.357,0.18008,42.959705,37165000000.0,-1413000000.0,2081000000.0,2258000000.0,2024-06-30,2.4864,5.0,0.0594
URI,2024-09-27,Rental & Leasing Services,Industrials,53820076032,66494619648.0,813.78,7.061,0.17355,21.522877,24394000000.0,-750000000.0,4032000000.0,4029000000.0,2024-06-30,3.5379,5.0,0.1418
GWW,2024-09-27,Industrial Distribution,Industrials,50732834816,53234614272.0,1039.06,15.75,0.10858,28.522099,2831000000.0,3124000000.0,2570000000.0,2542000000.0,2024-06-30,3.4441,5.0,0.3297
LEN,2024-09-27,Residential Construction,Consumer Cyclical,50927595520,46604345344.0,187.3516,25.975,0.11512,12.44861,8138029000.0,28802283000.0,5556092000.0,5556092000.0,2024-05-31,2.6936,5.0,0.1503
COR,2024-09-27,Medical Distribution,Healthcare,44042997760,47074865152.0,224.7,16.779,0.00654,24.370932,19465161000.0,-5666605000.0,2593689000.0,3015317000.0,2024-06-30,3.1556,5.0,0.1948
JCI,2024-09-27,Building Products & Equipment,Industrials,51617439744,63068758016.0,77.27,1.29,0.06019,32.466385,31172000000.0,-571000000.0,2229000000.0,2539000000.0,2024-06-30,2.2306,5.0,0.0765
MNST,2024-09-27,Beverages—Non-Alcoholic,Consumer Defensive,51564724224,50189230080.0,52.645,1.597,0.22841999,32.903126,4106607000.0,2793774000.0,2013640000.0,2013640000.0,2024-06-30,2.7446,5.0,0.2522
TEL,2024-09-27,Electronic Components,Technology,45961670656,48339152896.0,151.23,4.834,0.21938999,13.538943,15185000000.0,2596000000.0,2848000000.0,2927000000.0,2024-06-30,2.8871,5.0,0.1523
PAYX,2024-09-27,Software—Application,Technology,47845687296,47275978752.0,133.0,4.173,0.32025,28.479656,3131600000.0,1942400000.0,2255300000.0,2174100000.0,2024-05-31,3.5096,5.0,0.4048
STZ,2024-09-27,Beverages—Brewers,Consumer Defensive,47086383104,58596777984.0,258.37,0.405,0.2442,19.223959,22231700000.0,706200000.0,3332200000.0,3346600000.0,2024-05-31,3.3482,5.0,0.1273
MPWR,2024-09-27,Semiconductors,Technology,45091454976,44749148160.0,924.915,26.814,0.21697001,109.978004,650699000.0,1702274000.0,457158000.0,457158000.0,2024-06-30,2.9656,5.0,0.2156
IQV,2024-09-27,Diagnostics & Research,Healthcare,42849615872,54979727360.0,235.05,9.205,0.0939,30.525974,20776000000.0,-998000000.0,2189000000.0,2098000000.0,2024-06-30,3.5687,5.0,0.0766
MCHP,2024-09-27,Semiconductors,Technology,43564204032,48974524416.0,81.2,0.587,0.20795,32.350597,12891400000.0,1428000000.0,1885200000.0,1875600000.0,2024-06-30,2.0193,5.0,0.1561
LHX,2024-09-27,Aerospace & Defense,Industrials,44282834944,56697135104.0,233.43,2.883,0.05731,37.4687,33610000000.0,-934000000.0,1834000000.0,2115000000.0,2024-06-30,2.0034,5.0,0.0664
FIS,2024-09-27,Information Technology Services,Technology,45571129344,54365237248.0,83.53,3.906,0.07733,82.70297,28147000000.0,1665000000.0,1400000000.0,1675000000.0,2024-06-30,3.8268,5.0,0.0247
FICO,2024-09-27,Software—Application,Technology,46832541696,49164374016.0,1910.09,6.364,0.28942,100.2672,1077696000.0,293919000.0,712534000.0,702150000.0,2024-06-30,3.7531,5.0,0.4288
ODFL,2024-09-27,Trucking,Industrials,42285084672,41813954560.0,197.32,0.488,0.21383,33.78767,4535983000.0,254359000.0,1691372000.0,1674147000.0,2024-06-30,3.1467,5.0,0.3259
KHC,2024-09-27,Packaged Foods,Consumer Defensive,43037204480,61245943808.0,35.595,0.744,0.07303,22.817308,81267000000.0,44000000.0,3699000000.0,5254000000.0,2024-06-30,-2.2653,5.0,0.0618
F,2024-09-27,Auto Manufacturers,Consumer Cyclical,43409727488,168942665728.0,10.92,6.65,0.021270001,11.375,156068000000.0,17115000000.0,4841000000.0,3992000000.0,2024-06-30,2.5327,5.0,0.0181
EW,2024-09-27,Medical Devices,Healthcare,40210198528,38390247424.0,66.75,3.303,0.23741,26.279528,5583300000.0,3299000000.0,1549800000.0,1662700000.0,2024-06-30,2.9121,5.0,0.2194
KVUE,2024-09-27,Household & Personal Products,Consumer Defensive,44652191744,51889819648.0,23.315,0.529,0.07231,40.90351,20562000000.0,-56000000.0,1925000000.0,2551000000.0,2024-06-30,-3.0139,5.0,0.1231
CMI,2024-09-27,Specialty Industrial Machinery,Industrials,44829085696,51417407488.0,327.105,15.929,0.05689,23.431591,16358000000.0,3818000000.0,3233000000.0,1409000000.0,2024-06-30,-1.81,5.0,0.1151
CNC,2024-09-27,Healthcare Plans,Healthcare,39389126656,36288409600.0,74.88,38.427,0.0196,14.101694,44731000000.0,5677000000.0,4499000000.0,3380000000.0,2024-06-30,2.2877,5.0,0.0691
A,2024-09-27,Diagnostics & Research,Healthcare,42688323584,43499462656.0,148.57,6.192,0.21747999,30.887735,6740000000.0,1867000000.0,1626000000.0,1488000000.0,2024-07-31,2.8979,5.0,0.1468
RCL,2024-09-27,Travel Services,Consumer Cyclical,45926301696,68614012928.0,178.41,1.519,0.16308,19.43464,35088000000.0,-8008000000.0,3920701000.0,3683806000.0,2024-06-30,3.2874,5.0,-0.0455
IDXX,2024-09-27,Diagnostics & Research,Healthcare,42131570688,42562457600.0,511.89,4.879,0.22343001,50.78274,1886255000.0,411910000.0,1096016000.0,1083344000.0,2024-06-30,3.5389,5.0,0.5082
EA,2024-09-27,Electronic Gaming & Multimedia,Communication Services,38153121792,37360750592.0,144.41,10.469,0.15771,33.978825,9121000000.0,1119000000.0,1443000000.0,1403000000.0,2024-06-30,3.0924,5.0,0.1265
PWR,2024-09-27,Engineering & Construction,Industrials,44036935680,46975655936.0,298.9,3.517,0.03587,56.396225,9041597000.0,1571560000.0,1238150000.0,1150196000.0,2024-06-30,3.2902,5.0,0.0863
HSY,2024-09-27,Confectioners,Consumer Defensive,39098224640,43834785792.0,193.28,2.309,0.1676,21.40421,9080047000.0,-550004000.0,2373036000.0,2532763000.0,2024-06-30,3.5412,5.0,0.2711
HWM,2024-09-27,Aerospace & Defense,Industrials,40655523840,43648958464.0,99.61,1.842,0.13154,44.27111,7076000000.0,1245000000.0,1353000000.0,1415000000.0,2024-06-30,3.6063,5.0,0.1067
GEHC,2024-09-27,Health Information Services,Healthcare,42834898944,50093690880.0,93.8,4.375,0.08095,27.109827,23045000000.0,488000000.0,2873000000.0,2454000000.0,2024-06-30,-3.0307,5.0,0.1311
YUM,2024-09-27,Restaurants,Consumer Cyclical,38998990848,50312450048.0,138.705,1.849,0.21956,25.45046,4760000000.0,499000000.0,2335000000.0,2321000000.0,2024-06-30,3.4526,5.0,0.4572
FAST,2024-09-27,Industrial Distribution,Industrials,41115983872,41290792960.0,71.8,0.446,0.15538,35.721394,1456800000.0,2429700000.0,1523600000.0,1517600000.0,2024-06-30,3.1803,5.0,0.3665
GIS,2024-09-27,Packaged Foods,Consumer Defensive,41370443776,54179508224.0,74.52,0.843,0.12136,17.742857,26955600000.0,-2475800000.0,3428800000.0,3575600000.0,2024-08-31,2.0736,5.0,0.1404
VRSK,2024-09-27,Consulting Services,Industrials,37706039296,40402087936.0,264.745,4.447,0.32033002,42.495182,3460700000.0,-64100000.0,1276100000.0,1157700000.0,2024-06-30,2.0073,5.0,0.2317
DOW,2024-09-27,Chemicals,Basic Materials,38571683840,52717400064.0,55.03,5.58,0.026770001,33.969135,40473000000.0,7745000000.0,1907000000.0,1961000000.0,2024-06-30,-1.4846,5.0,0.0922
AME,2024-09-27,Specialty Industrial Machinery,Industrials,39842713600,42303303680.0,172.08,1.713,0.19514999,29.979095,12028622000.0,564197000.0,1737115000.0,1747857000.0,2024-06-30,3.7253,5.0,0.129
SYY,2024-09-27,Food Distribution,Consumer Defensive,38235418624,50599944192.0,77.79,1.416,0.0248,19.997429,13874000000.0,1802000000.0,3172000000.0,3202000000.0,2024-06-30,3.331,5.0,0.1739
CTSH,2024-09-27,Information Technology Services,Technology,38098751488,37296795648.0,76.865,4.449,0.11394,17.509111,11335000000.0,4299000000.0,2955000000.0,2977000000.0,2024-06-30,3.0393,5.0,0.1921
CTVA,2024-09-27,Agricultural Inputs,Basic Materials,40648744960,43171172352.0,58.72,2.83,0.05313,46.603176,26105000000.0,6406000000.0,1280000000.0,2134000000.0,2024-06-30,3.3936,5.0,0.0475
IT,2024-09-27,Information Technology Services,Technology,39152779264,41578307584.0,508.085,16.125,0.13668999,48.481396,4321994000.0,-353083000.0,1180614000.0,1145562000.0,2024-06-30,3.2642,5.0,0.2288
OTIS,2024-09-27,Specialty Industrial Machinery,Industrials,41902059520,48093351936.0,104.61,2.352,0.10345,29.22067,3620000000.0,-1657000000.0,2208000000.0,2208000000.0,2024-06-30,3.22,5.0,0.5099
EXR,2024-09-27,REIT—Industrial,Real Estate,39244668928,50003247104.0,177.94,0.51,0.24956,48.617485,26281190000.0,77816000.0,1436528000.0,1395240000.0,2024-06-30,3.9343,5.0,0.0764
IR,2024-09-27,Specialty Industrial Machinery,Industrials,39735107584,42698608640.0,98.48,2.66,0.1173,48.752476,13995300000.0,2078600000.0,1251500000.0,1370700000.0,2024-06-30,3.8313,5.0,0.0555
EFX,2024-09-27,Consulting Services,Industrials,35954589696,41428271104.0,290.575,1.47,0.10674,62.08868,10734700000.0,-369300000.0,1004800000.0,998400000.0,2024-06-30,1.6424,5.0,0.1067
HPQ,2024-09-27,Computer Hardware,Technology,34363797504,43444002816.0,35.669,2.986,0.053319998,12.515439,18744000000.0,-7728000000.0,3777000000.0,4238000000.0,2024-07-31,-0.6856,5.0,0.4532
NUE,2024-09-27,Steel,Basic Materials,35940089856,38395924480.0,151.43,22.896,0.10451,10.909942,19927103000.0,9392861000.0,5095961000.0,4638359000.0,2024-06-30,0.5125,5.0,0.2797
GLW,2024-09-27,Electronic Components,Technology,38557888512,45866131456.0,45.06,1.658,0.03526,88.35294,20058000000.0,2595000000.0,986000000.0,754000000.0,2024-06-30,-0.7141,5.0,0.0495
CBRE,2024-09-27,Real Estate Services,Real Estate,37793669120,43752517632.0,123.335,3.081,0.027880002,41.387585,13809000000.0,1024000000.0,1195522000.0,1195522000.0,2024-06-30,-0.0743,5.0,0.097
EL,2024-09-27,Household & Personal Products,Consumer Defensive,36166631424,42582720512.0,100.75,9.464,0.02499,93.28703,13755000000.0,2220000000.0,1150000000.0,1563000000.0,2024-06-30,-2.826,5.0,0.1541
DD,2024-09-27,Specialty Chemicals,Basic Materials,37436776448,43899387904.0,89.67,3.6,0.055069998,114.96154,30390000000.0,3377000000.0,753000000.0,1689000000.0,2024-06-30,-1.7531,5.0,0.045
RMD,2024-09-27,Medical Instruments & Supplies,Healthcare,35673620480,36275429376.0,242.79,1.622,0.21791,35.136036,4514675000.0,1447064000.0,1310504000.0,1384119000.0,2024-06-30,3.3525,5.0,0.2227
VICI,2024-09-27,REIT—Diversified,Real Estate,34886467584,52136206336.0,33.315,0.332,0.70378,13.064706,25790746000.0,18067030000.0,3494166000.0,3478719000.0,2024-06-30,3.2872,5.0,0.0649
GRMN,2024-09-27,Scientific & Technical Instruments,Technology,33764311040,31513268224.0,175.66,11.582,0.24360001,24.636745,4186104000.0,3072895000.0,1251260000.0,1251260000.0,2024-06-30,1.4887,5.0,0.1693
MLM,2024-09-27,Building Materials,Basic Materials,32990703616,37615816704.0,539.795,1.783,0.30812,16.239319,14104000000.0,1033000000.0,2829900000.0,2807700000.0,2024-06-30,3.3307,5.0,0.0951
ON,2024-09-27,Semiconductors,Technology,31989626880,32389369856.0,74.68,6.259,0.24837999,17.01139,7333800000.0,4227000000.0,2312000000.0,2307500000.0,2024-06-30,3.021,5.0,0.186
VMC,2024-09-27,Building Materials,Basic Materials,33025564672,37013598208.0,250.08,0.841,0.12064,36.13873,12239900000.0,1179700000.0,1419200000.0,1381500000.0,2024-06-30,2.8645,5.0,0.0824
LULU,2024-09-27,Apparel Retail,Consumer Cyclical,34553131008,32853559296.0,281.43,13.114,0.16343,21.74884,3172391000.0,2103093000.0,2299374000.0,2299374000.0,2024-07-31,3.7423,5.0,0.3674
XYL,2024-09-27,Specialty Industrial Machinery,Industrials,32850669568,33875222528.0,135.2475,3.355,0.09111,41.614616,11984000000.0,1739000000.0,891000000.0,937000000.0,2024-06-30,3.3043,5.0,0.0731
IRM,2024-09-27,REIT—Specialty,Real Estate,34142754816,50147700736.0,116.3947,0.492,0.039419997,151.16196,16253195000.0,-444335000.0,942845000.0,1169501000.0,2024-06-30,3.7969,5.0,0.071
LYB,2024-09-27,Specialty Chemicals,Basic Materials,31561265152,41290326016.0,97.085,8.788,0.05658,13.654712,24153000000.0,6764000000.0,3343000000.0,3269000000.0,2024-06-30,-0.497,5.0,0.1541
AVB,2024-09-27,REIT—Residential,Real Estate,32085575680,40153481216.0,225.61,3.843,0.29413,38.174282,20271677000.0,60649000.0,1057576000.0,911681000.0,2024-06-30,3.2875,5.0,0.0385
CSGP,2024-09-27,Real Estate Services,Real Estate,30998556672,26803812352.0,75.64,12.004,0.081920005,145.46155,3860100000.0,4645500000.0,66933000.0,66933000.0,2024-06-30,-2.4046,5.0,0.049
MTD,2024-09-27,Diagnostics & Research,Healthcare,31335665664,33625352192.0,1476.76,3.337,0.20952,40.592632,2070857000.0,-102875000.0,1025554000.0,1056372000.0,2024-06-30,3.0011,5.0,0.4576
DXCM,2024-09-27,Medical Devices,Healthcare,27127214080,26534682624.0,67.695,7.788,0.16949,42.046585,1950800000.0,3126200000.0,826100000.0,681500000.0,2024-06-30,3.3645,5.0,0.0954
ROK,2024-09-27,Specialty Industrial Machinery,Industrials,31007692800,34645516288.0,273.275,3.587,0.115600005,31.018726,7265800000.0,133400000.0,1286900000.0,1420800000.0,2024-06-30,3.2128,5.0,0.1904
CDW,2024-09-27,Information Technology Services,Technology,30317744128,36068278272.0,226.97,4.981,0.05294,27.81495,6595100000.0,835500000.0,1671100000.0,1674500000.0,2024-06-30,3.1534,5.0,0.2045
LVS,2024-09-27,Resorts & Casinos,Consumer Cyclical,37292916736,44809465856.0,50.64,6.397,0.14077,23.774647,15781000000.0,1963000000.0,3017000000.0,2756000000.0,2024-06-30,3.0686,5.0,-0.004
BIIB,2024-09-27,Drug Manufacturers—General,Healthcare,28682305536,32950693888.0,196.91,13.105,0.11979,24.799747,19695600000.0,4000300000.0,1579700000.0,1964400000.0,2024-06-30,-3.5656,5.0,0.1427
PPG,2024-09-27,Specialty Chemicals,Basic Materials,31818039296,37590515712.0,136.3825,5.148,0.079780005,22.357788,13945000000.0,2559000000.0,2218000000.0,2290000000.0,2024-06-30,3.0812,5.0,0.1139
ANSS,2024-09-27,Software—Application,Technology,28341223424,28137543680.0,324.32,12.808,0.21297,57.40177,5227791000.0,1383082000.0,634241000.0,603571000.0,2024-06-30,3.1774,5.0,0.0964
TSCO,2024-09-27,Specialty Retail,Consumer Cyclical,30989686784,35504603136.0,287.29,3.66,0.07655,27.677265,6144899000.0,1095090000.0,1499723000.0,1499723000.0,2024-06-30,3.5085,5.0,0.2189
ADM,2024-09-27,Farm Products,Consumer Defensive,28963452928,39812292608.0,60.575,1.598,0.0293,12.066733,25736000000.0,8278000000.0,3919000000.0,3013000000.0,2024-06-30,2.2358,5.0,0.0937
AXON,2024-09-27,Aerospace & Defense,Industrials,29647044608,29375025152.0,392.29,14.244,0.16055,103.780426,1536632000.0,1439625000.0,325065000.0,147076000.0,2024-06-30,2.8279,5.0,-0.0112
WAB,2024-09-27,Railroads,Industrials,32069877760,35675648000.0,183.065,3.368,0.09944,32.06042,13849000000.0,1380000000.0,1559000000.0,1522000000.0,2024-06-30,3.8882,5.0,0.0643
EQR,2024-09-27,REIT—Residential,Real Estate,29018853376,36150185984.0,74.255,0.101,0.32829,30.30816,19641147000.0,-476129000.0,1470285000.0,898061000.0,2024-06-30,2.7684,5.0,0.0394
GPN,2024-09-27,Specialty Business Services,Industrials,25516214272,41714339840.0,100.285,8.242,0.14257,18.400919,42201826000.0,-779019000.0,2227634000.0,2079436000.0,2024-06-30,3.9878,5.0,0.0359
K,2024-09-27,Packaged Foods,Consumer Defensive,27790919680,33894088704.0,80.8,0.821,0.07074,32.191235,11829000000.0,-1304000000.0,1294000000.0,1442000000.0,2024-06-30,-1.7641,5.0,0.1219
EBAY,2024-09-27,Internet Retail,Consumer Cyclical,31281330176,34277660672.0,63.97,10.564,0.26408002,12.445526,13109000000.0,1470000000.0,3905000000.0,2045000000.0,2024-06-30,-3.1897,5.0,0.1401
DG,2024-09-27,Discount Stores,Consumer Defensive,19260155904,36110729216.0,87.58,5.56,0.03568,13.620529,23089523000.0,1583055000.0,2109194000.0,2109194000.0,2024-07-31,-3.4382,5.0,0.145
VLTO,2024-09-27,Pollution & Treatment Controls,Industrials,27196485632,29237999616.0,110.06,4.221,0.156,34.39375,3570000000.0,1143000000.0,1137000000.0,1151000000.0,2024-06-30,3.5871,5.0,0.2792
NTAP,2024-09-27,Computer Hardware,Technology,24859631616,25109204992.0,121.395,14.767,0.17014,23.75636,4990000000.0,-191000000.0,1440000000.0,1361000000.0,2024-07-31,3.8507,5.0,0.1895
CAH,2024-09-27,Medical Distribution,Healthcare,26578315264,27006226432.0,109.845,21.87,0.0037599998,31.83913,10237000000.0,-756000000.0,1252000000.0,2130000000.0,2024-06-30,2.8843,5.0,0.1603
NVR,2024-09-27,Residential Construction,Consumer Cyclical,29981143040,28028342272.0,9741.76,792.331,0.16183001,20.138836,559148000.0,4588111000.0,2055058000.0,2050196000.0,2024-06-30,3.1285,5.0,0.3661
DAL,2024-09-27,Airlines,Industrials,33581150208,54900305920.0,52.03,6.603,0.074640006,7.4648495,63609000000.0,-17171000000.0,6487000000.0,6065000000.0,2024-06-30,3.5772,5.0,0.0417
PHM,2024-09-27,Residential Construction,Consumer Cyclical,29779175424,29927550976.0,143.4975,6.723,0.16750999,10.954007,2204856000.0,11049166000.0,3711561000.0,3607165000.0,2024-06-30,3.4271,5.0,0.2171
TYL,2024-09-27,Software—Application,Technology,24726054912,25096321024.0,579.435,6.046,0.10243,120.46466,3777147000.0,55000000.0,261863000.0,256696000.0,2024-06-30,3.8285,5.0,0.0617
DOV,2024-09-27,Specialty Industrial Machinery,Industrials,26664101888,29376077824.0,193.98,2.392,0.17583,18.078285,8025791000.0,1131810000.0,1967890000.0,1390747000.0,2024-06-30,3.0625,5.0,0.1538
CHD,2024-09-27,Household & Personal Products,Consumer Defensive,25457088512,27122008064.0,103.985,2.008,0.13377,32.094135,7006900000.0,605500000.0,1136200000.0,1113800000.0,2024-06-30,0.415,5.0,0.1461
FTV,2024-09-27,Scientific & Technical Instruments,Technology,27813652480,30838550528.0,79.39,1.838,0.1439,31.883533,14765500000.0,473700000.0,1138300000.0,1142900000.0,2024-06-30,3.5637,5.0,0.064
BR,2024-09-27,Information Technology Services,Technology,24707878912,27984795648.0,211.705,2.615,0.10729,36.06559,6701600000.0,119000000.0,1027700000.0,1017300000.0,2024-06-30,3.3044,5.0,0.1299
HPE,2024-09-27,Communication Equipment,Technology,26343520256,35261906944.0,20.285,2.393,0.06392,14.386525,38447000000.0,-1460000000.0,2272000000.0,2272000000.0,2024-07-31,3.4439,5.0,0.0593
DECK,2024-09-27,Footwear & Accessories,Consumer Cyclical,24288118784,22800369664.0,159.305,9.434,0.18291001,30.576775,693389000.0,1700360000.0,1049320000.0,989585000.0,2024-06-30,3.3953,5.0,0.3283
FSLR,2024-09-27,Solar,Technology,27842390016,26249205760.0,260.095,16.258,0.31975,23.222769,7065332000.0,2176294000.0,1329573000.0,1278951000.0,2024-06-30,2.6343,5.0,0.0441
KEYS,2024-09-27,Scientific & Technical Instruments,Technology,27536936960,27934918656.0,158.675,9.404,0.18249,30.514425,5327000000.0,2047000000.0,974000000.0,920000000.0,2024-07-31,1.311,5.0,0.1739
HST,2024-09-27,REIT—Hotel & Motel,Real Estate,26083782656,17140512768.0,18.245,1.146,0.13689,17.212265,11137000000.0,1000000.0,993000000.0,753000000.0,2024-06-30,3.0732,5.0,0.0085
SBAC,2024-09-27,REIT—Specialty,Real Estate,25639596032,39509680128.0,238.57,2.052,0.19219999,50.225266,9326172000.0,-1999559000.0,971646000.0,1346159000.0,2024-06-30,4.0962,5.0,0.0999
ROL,2024-09-27,Personal Services,Consumer Cyclical,24113993728,25008797696.0,49.79,0.22,0.14232,52.410526,2292210000.0,-135658000.0,647702000.0,636194000.0,2024-06-30,3.8934,5.0,0.2902
GDDY,2024-09-27,Software—Infrastructure,Technology,21990377472,25275576320.0,155.99,4.172,0.40709,12.988343,6424700000.0,-1410000000.0,761900000.0,791400000.0,2024-06-30,3.6809,5.0,0.0586
STE,2024-09-27,Medical Devices,Healthcare,23739013120,25649702912.0,240.72,2.011,0.07643,42.530037,8168107000.0,1106134000.0,862529000.0,884493000.0,2024-06-30,3.0596,5.0,0.0753
ZBH,2024-09-27,Medical Devices,Healthcare,22222505984,27558297600.0,109.12,2.063,0.13251,22.780794,16880600000.0,1031000000.0,1224200000.0,1507600000.0,2024-06-30,3.7682,5.0,0.056
LYV,2024-09-27,Entertainment,Communication Services,25050904576,28142911488.0,107.925,27.782,0.022,98.11364,9769851000.0,-943016000.0,1252811000.0,957820000.0,2024-06-30,3.3909,5.0,-0.0241
WST,2024-09-27,Medical Instruments & Supplies,Healthcare,22656557056,22148225024.0,312.325,6.151,0.18245001,44.427456,2006400000.0,849300000.0,618500000.0,608100000.0,2024-06-30,1.3433,5.0,0.233
WY,2024-09-27,REIT—Specialty,Real Estate,24717801472,28213766144.0,33.985,1.371,0.09892,33.31863,14617000000.0,1188000000.0,1127000000.0,1036000000.0,2024-06-30,-1.6787,5.0,0.147
TER,2024-09-27,Semiconductor Equipment & Materials,Technology,22085871616,22041630720.0,135.35,2.822,0.1833,44.52303,1875313000.0,1130019000.0,580356000.0,518269000.0,2024-06-30,-3.0123,5.0,0.3015
INVH,2024-09-27,REIT—Residential,Real Estate,21529616384,29235165184.0,35.145,1.339,0.18931,45.057693,18017242000.0,867894000.0,835016000.0,720543000.0,2024-06-30,3.6449,5.0,0.0323
BF-B,2024-09-27,Beverages—Wineries & Distilleries,Consumer Defensive,22656106496,25236465664.0,48.355,0.88,0.24150999,23.359903,4124000000.0,2432000000.0,1382000000.0,1101000000.0,2024-07-31,0.7525,5.0,0.1882
STX,2024-09-27,Computer Hardware,Technology,22870790144,27996225536.0,108.655,6.461,0.05114,68.76898,4407000000.0,233000000.0,777000000.0,422000000.0,2024-06-30,-2.6562,5.0,0.1818
PTC,2024-09-27,Software—Application,Technology,21796694016,23489357824.0,181.435,2.062,0.13316,74.358604,5036374000.0,-477478000.0,517667000.0,514337000.0,2024-06-30,3.6166,5.0,0.1037
MKC,2024-09-27,Packaged Foods,Consumer Defensive,22509021184,26693758976.0,83.815,0.619,0.11066,30.589417,10918200000.0,-914900000.0,1053600000.0,1030700000.0,2024-05-31,-0.4727,5.0,0.1062
MOH,2024-09-27,Healthcare Plans,Healthcare,20049111040,13520272384.0,342.135,148.481,0.029460002,18.747124,2854000000.0,4495000000.0,1535000000.0,1535000000.0,2024-06-30,3.0907,5.0,0.2301
CPAY,2024-09-27,Software—Infrastructure,Technology,21542975488,27274559488.0,310.27,20.272,0.26413,22.54869,8220838000.0,133150000.0,1707174000.0,1699705000.0,2024-06-30,3.7185,5.0,0.1648
CCL,2024-09-27,Travel Services,Consumer Cyclical,24519084032,52703682560.0,18.715,1.311,0.03853,26.359156,45835000000.0,-9617000000.0,2813000000.0,2843000000.0,2024-05-31,3.0554,5.0,-0.0913
WAT,2024-09-27,Diagnostics & Research,Healthcare,21316857856,22878566400.0,359.1,5.515,0.20708999,35.945946,2845364000.0,841151000.0,785454000.0,776849000.0,2024-06-30,1.8421,5.0,0.3077
HUBB,2024-09-27,Electrical Equipment & Parts,Industrials,23080638464,24730853376.0,429.96,7.573,0.13143,31.801773,4597000000.0,1016200000.0,1014800000.0,1031600000.0,2024-06-30,3.1035,5.0,0.1486
ARE,2024-09-27,REIT—Office,Real Estate,21344468992,37919764480.0,122.02,3.207,0.0509,150.64197,37168490000.0,-1378541000.0,468802000.0,823422000.0,2024-06-30,3.5126,5.0,0.0205
LDOS,2024-09-27,Information Technology Services,Technology,21406068736,25736691712.0,158.9001,6.109,0.02724,49.968586,8680000000.0,724000000.0,918000000.0,1596000000.0,2024-06-30,3.9549,5.0,0.1187
TDY,2024-09-27,Scientific & Technical Instruments,Technology,20415688704,22766106624.0,436.38,9.475,0.15858,23.767973,11476400000.0,1357700000.0,1021000000.0,1028700000.0,2024-06-30,3.1457,5.0,0.0804
GPC,2024-09-27,Auto Parts,Consumer Cyclical,19785943040,24372690944.0,142.02,3.986,0.052360002,16.418499,9072695000.0,1030285000.0,1665996000.0,1714729000.0,2024-06-30,3.2351,5.0,0.1585
BALL,2024-09-27,Packaging & Containers,Consumer Cyclical,20460281856,25182883840.0,67.4,4.464,0.30403998,30.776255,13209000000.0,863000000.0,1087000000.0,1297000000.0,2024-06-30,0.3609,5.0,0.101
LH,2024-09-27,Diagnostics & Research,Healthcare,18781749248,24296771584.0,223.69,3.157,0.036,41.655495,13141000000.0,-493400000.0,850300000.0,1134500000.0,2024-06-30,-2.9957,5.0,0.1335
HOLX,2024-09-27,Medical Instruments & Supplies,Healthcare,18918553600,18716579840.0,81.45,10.538,0.17592,27.798634,4893100000.0,2994600000.0,907400000.0,883500000.0,2024-06-30,-1.923,5.0,0.2031
OMC,2024-09-27,Advertising Agencies,Communication Services,20322062336,25519974400.0,103.87,13.86,0.0955,14.3665285,13351800000.0,-984700000.0,2282800000.0,2196700000.0,2024-06-30,2.6408,5.0,0.1662
ESS,2024-09-27,REIT—Residential,Real Estate,19615281152,25372076032.0,295.07,0.981,0.3014,36.60918,12127242000.0,-113229000.0,1002690000.0,764040000.0,2024-06-30,2.609,5.0,0.0605
BLDR,2024-09-27,Building Products & Equipment,Industrials,22867490816,26411698176.0,196.365,0.649,0.08249,17.30088,7266482000.0,1562164000.0,1995144000.0,1995144000.0,2024-06-30,1.6438,5.0,0.2841
COO,2024-09-27,Medical Instruments & Supplies,Healthcare,21988593664,24615405568.0,110.4089,0.551,0.09445,61.33828,10181300000.0,957200000.0,633700000.0,643000000.0,2024-07-31,4.0037,5.0,0.0527
BBY,2024-09-27,Specialty Retail,Consumer Cyclical,21974953984,23985524736.0,102.34,7.382,0.02962,17.675303,7062000000.0,111000000.0,1701000000.0,1787000000.0,2024-07-31,-2.9328,5.0,0.3197
MAA,2024-09-27,REIT—Residential,Real Estate,18988851200,23397711872.0,158.28,0.538,0.23773001,35.972725,11486367000.0,-895484000.0,689568000.0,674661000.0,2024-06-30,3.1466,5.0,0.0523
J,2024-09-27,Engineering & Construction,Industrials,19357839360,22332317696.0,155.8,9.806,0.03717,30.609037,9910681000.0,633354000.0,1050701000.0,1023344000.0,2024-06-30,3.494,5.0,0.0734
CLX,2024-09-27,Household & Personal Products,Consumer Defensive,20284880896,22953422848.0,163.77,1.631,0.03948,72.78667,4129000000.0,48000000.0,488000000.0,894000000.0,2024-06-30,-1.7139,5.0,0.2173
STLD,2024-09-27,Steel,Basic Materials,19624257536,21094385664.0,127.18,8.09,0.11095,10.141946,8822246000.0,3583059000.0,2685638000.0,2784357000.0,2024-06-30,0.8876,5.0,0.3251
ULTA,2024-09-27,Specialty Retail,Consumer Cyclical,19132336128,20648798208.0,406.08,8.786,0.10684,16.301886,2938667000.0,1207507000.0,1588114000.0,1588114000.0,2024-07-31,3.0443,5.0,0.3423
ALGN,2024-09-27,Medical Instruments & Supplies,Healthcare,19242719232,17980909568.0,257.61,10.47,0.11338,43.73684,3745952000.0,372255000.0,683515000.0,683515000.0,2024-06-30,0.9218,5.0,0.1699
ZBRA,2024-09-27,Communication Equipment,Technology,19121369088,21092694016.0,370.71,7.968,0.052789997,83.30562,5537000000.0,431000000.0,340000000.0,481000000.0,2024-06-30,-2.1459,5.0,0.1765
HRL,2024-09-27,Packaged Foods,Consumer Defensive,17476362240,19619868672.0,31.87,1.025,0.065170005,22.286715,10116333000.0,1687700000.0,1081035000.0,1032079000.0,2024-07-31,-0.4891,5.0,0.1064
PKG,2024-09-27,Packaging & Containers,Consumer Cyclical,19336480768,21210267648.0,215.3,12.386,0.09059,27.013803,5498200000.0,2052400000.0,990600000.0,1044700000.0,2024-06-30,0.6666,5.0,0.1675
VRSN,2024-09-27,Software—Infrastructure,Technology,18494224384,19285143552.0,189.49,7.069,0.55369,22.720623,743900000.0,-430100000.0,1088300000.0,1035700000.0,2024-06-30,3.7465,5.0,1.3317
FOXA,2024-09-27,Entertainment,Communication Services,18731296768,23642619904.0,42.575,9.384,0.107370004,13.602236,14471000000.0,4549000000.0,2509000000.0,2478000000.0,2024-06-30,-2.2927,5.0,0.1378
FOX,2024-09-27,Entertainment,Communication Services,18797615104,21971994624.0,39.05,9.384,0.107370004,12.476038,14471000000.0,4549000000.0,2509000000.0,2478000000.0,2024-06-30,-2.2927,5.0,0.1378
JBHT,2024-09-27,Integrated Freight & Logistics,Industrials,17621313536,19308908544.0,172.78,0.525,0.04897,29.738382,6502170000.0,332250000.0,852696000.0,845072000.0,2024-06-30,0.6021,5.0,0.1787
AVY,2024-09-27,Packaging & Containers,Consumer Cyclical,17990785024,20829704192.0,223.435,3.043,0.073359996,28.71915,5330400000.0,-332400000.0,977500000.0,1077900000.0,2024-06-30,2.0051,5.0,0.1968
SWKS,2024-09-27,Semiconductors,Technology,15845823488,15914616832.0,99.2125,7.945,0.17848,20.49845,4997300000.0,2676200000.0,860300000.0,849700000.0,2024-06-30,-0.8683,5.0,0.1892
EXPE,2024-09-27,Travel Services,Consumer Cyclical,19426717696,20844044288.0,149.2308,48.187,0.06092,26.888432,12378000000.0,-4241000000.0,1194000000.0,1587000000.0,2024-06-30,3.449,5.0,0.0414
DRI,2024-09-27,Restaurants,Consumer Cyclical,19818434560,26654175232.0,167.295,1.624,0.091120005,19.295847,10500200000.0,-1369700000.0,1318700000.0,1326600000.0,2024-05-31,3.2966,5.0,0.1258
EXPD,2024-09-27,Integrated Freight & Logistics,Industrials,18202689536,17308041216.0,128.98,9.012,0.07403,27.618843,1091587000.0,1535836000.0,888722000.0,854162000.0,2024-06-30,-1.0917,5.0,0.4127
DGX,2024-09-27,Diagnostics & Research,Healthcare,17361000448,22124603392.0,155.96,2.434,0.08988,21.047235,11864000000.0,5000000.0,1299000000.0,1264000000.0,2024-06-30,-2.8758,5.0,0.1479
MAS,2024-09-27,Building Products & Equipment,Industrials,18252163072,21150390272.0,83.63,1.824,0.11589,20.447432,2466000000.0,1253000000.0,1335000000.0,1358000000.0,2024-06-30,2.271,5.0,0.3439
TXT,2024-09-27,Aerospace & Defense,Industrials,16298707968,18836103168.0,86.99,7.179,0.06671,18.39112,8454000000.0,3517000000.0,1174000000.0,1208000000.0,2024-06-30,4.0706,5.0,0.0661
IP,2024-09-27,Packaging & Containers,Consumer Cyclical,17038940160,22027485184.0,49.05,3.02,0.02343,37.44275,16506000000.0,2443000000.0,628000000.0,515000000.0,2024-06-30,-2.8002,5.0,0.0649
APTV,2024-09-27,Auto Parts,Consumer Cyclical,17638447104,24904112128.0,75.07,8.116,0.18464,5.6656604,15922000000.0,2921000000.0,2380000000.0,1928000000.0,2024-06-30,3.8966,5.0,0.0795
NWS,2024-09-27,Entertainment,Communication Services,15413882880,18749227008.0,28.07,3.474,0.02638,61.021736,12312000000.0,1317000000.0,631000000.0,805000000.0,2024-06-30,1.1724,5.0,0.0564
NWSA,2024-09-27,Entertainment,Communication Services,15417239552,17970266112.0,26.69,3.474,0.02638,58.02174,12312000000.0,1317000000.0,631000000.0,805000000.0,2024-06-30,1.1724,5.0,0.0564
ENPH,2024-09-27,Solar,Technology,15661554688,15060254720.0,115.65,12.158,0.091239996,124.35484,924927000.0,1712017000.0,158169000.0,98350000.0,2024-06-30,0.2336,5.0,0.1894
UDR,2024-09-27,REIT—Residential,Real Estate,16926365696,21926453248.0,45.05,0.032,0.08231,109.878044,10841577000.0,-568421000.0,340900000.0,283695000.0,2024-06-30,3.001,5.0,0.0195
GEN,2024-09-27,Software—Infrastructure,Technology,16843841536,24655814656.0,27.365,1.046,0.1591,28.505209,14317000000.0,-2641000000.0,1183000000.0,1216000000.0,2024-06-30,2.5009,5.0,0.1765
DPZ,2024-09-27,Restaurants,Consumer Cyclical,14932332544,20736139264.0,426.965,8.117,0.12417,26.25861,869908000.0,478270000.0,893238000.0,853456000.0,2024-06-30,3.4594,5.0,0.7029
AKAM,2024-09-27,Software—Infrastructure,Technology,15472319488,18147471360.0,102.11,10.805,0.16012,25.337467,7517072000.0,624584000.0,756634000.0,685051000.0,2024-06-30,-1.7614,5.0,0.0951
UHS,2024-09-27,Medical Care Facilities,Healthcare,15556183040,20927008768.0,233.18,1.93,0.06222,17.13299,11330734000.0,591487000.0,1424270000.0,1441713000.0,2024-06-30,-0.0731,5.0,0.1078
AMCR,2024-09-27,Packaging & Containers,Consumer Cyclical,16469650432,23270295552.0,11.395,0.407,0.05352,22.343138,11559000000.0,704000000.0,1255000000.0,1311000000.0,2024-06-30,-3.0071,5.0,0.1122
KIM,2024-09-27,REIT—Retail,Real Estate,15582098432,23303120896.0,23.115,0.189,0.1928,42.805553,19068220000.0,177498000.0,636669000.0,613667000.0,2024-06-30,3.5449,5.0,0.0296
DOC,2024-09-27,REIT—Healthcare Facilities,Real Estate,15845850112,25154635776.0,22.665,0.225,0.11936,47.218754,19685277000.0,-1147640000.0,544340000.0,453199000.0,2024-06-30,3.817,5.0,0.024
IEX,2024-09-27,Specialty Industrial Machinery,Industrials,16346256384,16771461120.0,215.925,9.314,0.18194,28.262436,4273800000.0,1152100000.0,778500000.0,693200000.0,2024-06-30,2.8146,5.0,0.1432
RVTY,2024-09-27,Diagnostics & Research,Healthcare,15683533824,17625317376.0,127.16,15.844,0.06256,79.475,10266160000.0,1768676000.0,302375000.0,276880000.0,2024-06-30,-3.0887,5.0,0.0781
CPB,2024-09-27,Packaged Foods,Consumer Defensive,14675757056,22168393728.0,49.23,0.362,0.05884,26.047619,13045000000.0,-1386000000.0,1006000000.0,1228000000.0,2024-07-31,-0.0663,5.0,0.1235
CF,2024-09-27,Agricultural Inputs,Basic Materials,15490173952,19378847744.0,85.86,10.082,0.17873,15.250443,10974000000.0,2205000000.0,1760000000.0,1644000000.0,2024-06-30,0.7711,5.0,0.2179
CAG,2024-09-27,Packaged Foods,Consumer Defensive,15621820416,24183101440.0,32.61,0.162,0.02881,45.291664,17712800000.0,-92300000.0,1046400000.0,863100000.0,2024-05-31,-3.5396,5.0,0.0708
SNA,2024-09-27,Tools & Accessories,Industrials,15312753664,15323529216.0,290.66,23.397,0.20218,15.099221,3901800000.0,2908000000.0,1402400000.0,1337100000.0,2024-06-30,3.7215,5.0,0.1893
CE,2024-09-27,Chemicals,Basic Materials,15380546560,27938318336.0,140.765,10.845,0.1824,7.966327,19908000000.0,1278000000.0,1885000000.0,1157000000.0,2024-06-30,0.2566,5.0,0.1002
PNR,2024-09-27,Specialty Industrial Machinery,Industrials,16142674944,17812094976.0,97.54,1.295,0.16047001,24.631313,4984500000.0,613100000.0,768900000.0,775900000.0,2024-06-30,3.6977,5.0,0.1373
UAL,2024-09-27,Airlines,Industrials,19411068928,38357876736.0,59.03,46.37,0.05277,6.617713,53251000000.0,-5852000000.0,5465000000.0,4889000000.0,2024-06-30,3.5878,5.0,0.0086
NDSN,2024-09-27,Specialty Industrial Machinery,Industrials,15054173184,16369894400.0,263.27,2.891,0.17746,32.027977,3980232000.0,705871000.0,685316000.0,680148000.0,2024-07-31,3.0915,5.0,0.1738
BG,2024-09-27,Farm Products,Consumer Defensive,13831512064,19153125376.0,97.645,9.368,0.023340002,11.096022,8976000000.0,7846000000.0,2360000000.0,2009000000.0,2024-06-30,2.4309,5.0,0.1477
PODD,2024-09-27,Medical Devices,Healthcare,16354441216,17119387648.0,233.25,11.709,0.21109,42.179024,1132800000.0,1262800000.0,306300000.0,272700000.0,2024-06-30,2.9665,5.0,0.0558
POOL,2024-09-27,Industrial Distribution,Industrials,14363928576,15504261120.0,375.45,2.632,0.0858,31.576956,1635102000.0,1198439000.0,653988000.0,653988000.0,2024-06-30,0.9137,5.0,0.3365
JNPR,2024-09-27,Communication Equipment,Technology,12781400064,13467425792.0,38.83,3.408,0.04581,54.690144,5984000000.0,1400700000.0,303100000.0,369200000.0,2024-06-30,0.237,5.0,0.0677
CPT,2024-09-27,REIT—Residential,Real Estate,13212077056,16797151232.0,123.9,0.881,0.2548,34.03846,8967770000.0,-304651000.0,539914000.0,316780000.0,2024-06-30,3.3123,5.0,0.0315
REG,2024-09-27,REIT—Retail,Real Estate,13092132864,17749594112.0,71.7,0.498,0.26928,34.471153,12051432000.0,-24484000.0,576120000.0,489646000.0,2024-06-30,3.0388,5.0,0.0382
SJM,2024-09-27,Packaged Foods,Consumer Defensive,12963442688,21373614080.0,121.83,0.371,0.08771,17.207628,18267100000.0,-1682900000.0,1336600000.0,1502000000.0,2024-07-31,1.7888,5.0,0.0912
DVA,2024-09-27,Medical Care Facilities,Healthcare,13698771968,26644129792.0,163.275,5.211,0.06864,17.388178,13558647000.0,472135000.0,1801937000.0,1842274000.0,2024-06-30,0.4624,5.0,0.1101
BXP,2024-09-27,REIT—Office,Real Estate,14311682048,30586699776.0,80.825,4.416,0.05055,76.25,23134064000.0,1183621000.0,877590000.0,1034268000.0,2024-06-30,3.1342,5.0,0.043
JBL,2024-09-27,Electronic Components,Technology,14098944000,15633415168.0,124.28,19.123,0.048060004,11.126231,4556000000.0,1470000000.0,1990000000.0,1520000000.0,2024-05-31,3.5039,5.0,0.1932
JKHY,2024-09-27,Information Technology Services,Technology,12756765696,12867574784.0,174.97,0.525,0.17233999,33.519157,2292463000.0,-1796000.0,514404000.0,489392000.0,2024-06-30,3.0092,5.0,0.2238
INCY,2024-09-27,Biotechnology,Healthcare,12760580096,11062082560.0,66.255,7.889,0.02523,161.59755,2094718000.0,1230030000.0,353651000.0,50840000.0,2024-06-30,0.8685,5.0,0.0772
MGM,2024-09-27,Resorts & Casinos,Consumer Cyclical,12100676608,41604841472.0,39.835,7.947,0.051680002,14.975563,37406325000.0,1408963000.0,1599887000.0,1758100000.0,2024-06-30,2.5322,5.0,-0.0116
TECH,2024-09-27,Biotechnology,Healthcare,12601251840,12647022592.0,79.43,0.964,0.14503999,75.64762,2086448000.0,458040000.0,201426000.0,242896000.0,2024-06-30,-0.9054,5.0,0.1165
IPG,2024-09-27,Advertising Agencies,Communication Services,11988865024,14715646976.0,31.92,4.115,0.10971,11.822222,8186200000.0,538300000.0,1660500000.0,1487100000.0,2024-06-30,2.7101,5.0,0.1532
CHRW,2024-09-27,Integrated Freight & Logistics,Industrials,12685329408,14482226176.0,108.16,0.965,0.019019999,38.76703,2333172000.0,934961000.0,526174000.0,526174000.0,2024-06-30,-1.3815,5.0,0.2868
AOS,2024-09-27,Specialty Industrial Machinery,Industrials,13282103296,12957247488.0,91.07,1.6,0.14674,23.5323,1716300000.0,608900000.0,758900000.0,766100000.0,2024-06-30,3.6944,5.0,0.2661
EPAM,2024-09-27,Information Technology Services,Technology,11380959232,9737988096.0,199.8925,32.47,0.088640004,28.637894,1307686000.0,2313185000.0,493537000.0,493537000.0,2024-06-30,1.8428,5.0,0.1706
ALLE,2024-09-27,Security & Protection Services,Industrials,12600464384,14329806848.0,144.62,8.579,0.15078,22.99205,3063300000.0,681600000.0,742700000.0,741400000.0,2024-06-30,3.1547,5.0,0.2074
EMN,2024-09-27,Specialty Chemicals,Basic Materials,13214586880,17967429632.0,113.0805,4.537,0.09653,15.219448,11103000000.0,1101000000.0,1345000000.0,1089000000.0,2024-06-30,-1.4371,5.0,0.1058
FFIV,2024-09-27,Software—Infrastructure,Technology,12815282176,12225667072.0,219.875,16.053,0.19940001,23.693428,3428283000.0,530585000.0,647962000.0,647962000.0,2024-06-30,3.2488,5.0,0.1224
TFX,2024-09-27,Medical Instruments & Supplies,Healthcare,11728723968,13131633664.0,248.925,5.411,0.087629996,44.610218,6003552000.0,881337000.0,374098000.0,423048000.0,2024-06-30,-0.685,5.0,0.0805
TAP,2024-09-27,Beverages—Brewers,Consumer Defensive,11760226304,17495193600.0,56.725,7.951,0.09791,10.408257,23356500000.0,-198600000.0,1766600000.0,1879200000.0,2024-06-30,2.4606,5.0,0.0605
HII,2024-09-27,Aerospace & Defense,Industrials,10316930048,13080077312.0,263.085,0.281,0.06352,13.979012,8398000000.0,-651000000.0,1013000000.0,783000000.0,2024-06-30,1.0579,5.0,0.0857
LKQ,2024-09-27,Auto Parts,Consumer Cyclical,10696091648,16008568832.0,40.63,1.052,0.05027,14.774546,10126000000.0,2181000000.0,1238000000.0,1321000000.0,2024-06-30,1.6528,5.0,0.1283
CRL,2024-09-27,Diagnostics & Research,Healthcare,10279672832,12948639744.0,199.1,3.471,0.10827,23.787336,6449010000.0,551754000.0,675299000.0,562053000.0,2024-06-30,2.2225,5.0,0.0945
SOLV,2024-09-27,Health Information Services,Healthcare,11866973184,19170590720.0,68.71,5.194,0.12891,29.363249,11215000000.0,792000000.0,1321000000.0,1368000000.0,2024-06-30,-1.4921,5.0,0.1345
RL,2024-09-27,Apparel Manufacturing,Consumer Cyclical,12205467648,13161540608.0,197.055,28.423,0.10272,19.03913,3193100000.0,1874300000.0,866500000.0,831200000.0,2024-06-30,2.6862,5.0,0.1202
FRT,2024-09-27,REIT—Retail,Real Estate,9658968064,14456697856.0,114.58,1.323,0.24809,33.601173,8114152000.0,7032000.0,472858000.0,405607000.0,2024-06-30,3.6318,5.0,0.0426
TPR,2024-09-27,Luxury Goods,Consumer Cyclical,10973484032,12384576512.0,47.665,31.291,0.122320004,13.618571,4592600000.0,7092100000.0,1136900000.0,1140100000.0,2024-06-30,2.1535,5.0,0.1602
PAYC,2024-09-27,Software—Application,Technology,9661278208,9020416000.0,168.22,6.194,0.26549998,20.34099,1466423000.0,319438000.0,605191000.0,584578000.0,2024-06-30,3.9595,5.0,0.234
MTCH,2024-09-27,Internet Content & Information,Communication Services,9774221312,12685015040.0,37.9,3.271,0.18721001,16.478262,3083007000.0,773587000.0,926022000.0,917374000.0,2024-06-30,3.5422,5.0,0.2519
GNRC,2024-09-27,Specialty Industrial Machinery,Industrials,9414799360,10557590528.0,156.515,3.629,0.06025,40.338917,3062908000.0,1143101000.0,420465000.0,426308000.0,2024-06-30,-2.0674,5.0,0.1531
HSIC,2024-09-27,Medical Distribution,Healthcare,9264254976,13170514944.0,73.115,1.089,0.02819,26.979704,6310000000.0,1392000000.0,568000000.0,605000000.0,2024-06-30,-0.3414,5.0,0.1171
MOS,2024-09-27,Agricultural Inputs,Basic Materials,8669470720,12707454976.0,27.2079,1.011,0.020079998,36.2772,17807400000.0,640200000.0,467000000.0,830500000.0,2024-06-30,-0.1589,5.0,0.1287
DAY,2024-09-27,Software—Application,Technology,9387977728,10067698688.0,59.38,2.944,0.028859999,197.93333,3209500000.0,556300000.0,108600000.0,120100000.0,2024-06-30,2.5351,5.0,0.0052
LW,2024-09-27,Packaged Foods,Consumer Defensive,9561306112,13450797056.0,66.55,0.497,0.11217,13.363455,5277000000.0,465900000.0,1065300000.0,1065300000.0,2024-05-31,2.9536,5.0,0.1545
WYNN,2024-09-27,Resorts & Casinos,Consumer Cyclical,10743326720,18990628864.0,96.7937,26.173,0.122200005,12.473414,9917285000.0,771487000.0,1232325000.0,1284892000.0,2024-06-30,3.68,5.0,-0.0121
FMC,2024-09-27,Agricultural Inputs,Basic Materials,8302044672,12106463232.0,66.51,3.777,0.33968,5.6846156,6920500000.0,1687100000.0,237700000.0,564700000.0,2024-06-30,-2.8453,5.0,0.1383
BBWI,2024-09-27,Specialty Retail,Consumer Cyclical,7105802240,11805613056.0,32.43,2.346,0.1269,7.8713593,3282000000.0,169000000.0,1382000000.0,1287000000.0,2024-07-31,-2.614,5.0,0.3125
BWA,2024-09-27,Auto Parts,Consumer Cyclical,8451368448,10934407168.0,37.105,5.655,0.04971,11.142643,8104000000.0,2292000000.0,1238000000.0,1261000000.0,2024-06-30,3.6128,5.0,0.0909
NCLH,2024-09-27,Travel Services,Consumer Cyclical,9253297152,22788059136.0,21.045,1.351,0.046240002,21.695875,18531491000.0,-5051574000.0,1204430000.0,1207603000.0,2024-06-30,3.0711,5.0,-0.0824
ETSY,2024-09-27,Internet Retail,Consumer Cyclical,6549356032,7786122240.0,57.074,8.713,0.10357001,26.546045,1089082000.0,794521000.0,301203000.0,342273000.0,2024-06-30,-3.1864,5.0,0.1828
